App,Package,Start Time,Duration,Filename
"System",,"Jul 2, 2018 @ 04:04:20 PM","59 sec","longPolling.db"

Time  [ms],"Battery Remaining (%) [%]",Time  [ms],"Battery Status",Time  [ms],"GPS State",Time  [ms],"Screen Brightness",Time  [ms],"Battery Power* [uW] (Raw)","Battery Power* [uW] (Delta)",Time  [ms],"GPU Frequency [KHz]",Time  [ms],"GPU Load [%]",Time  [ms],"CPU1 Frequency [kHz]",Time  [ms],"CPU2 Frequency [kHz]",Time  [ms],"CPU3 Frequency [kHz]",Time  [ms],"CPU4 Frequency [kHz]",Time  [ms],"CPU1 Load [%]",Time  [ms],"CPU2 Load [%]",Time  [ms],"CPU3 Load [%]",Time  [ms],"CPU4 Load [%]",
34,81,35,0,35,1,31,87,34,363989,58938,35,330000,36,0,37,1190400,29,0,30,0,32,1190400,28,37,30,0,31,0,34,50,
44,81,45,0,45,1,41,87,44,922174,617123,45,330000,46,0,120,1574400,39,0,40,0,42,1190400,38,100,40,0,41,0,44,100,
125,81,125,0,125,1,123,87,124,1138182,833131,125,330000,125,0,220,1728000,122,0,122,0,123,1574400,121,50,122,0,123,0,124,85,
227,81,227,0,227,1,223,87,227,643549,338498,228,330000,229,0,321,2457600,222,0,223,0,224,1728000,222,33,223,0,223,0,226,20,
325,81,325,0,325,1,324,87,325,1514891,1209840,325,330000,326,0,421,1728000,323,0,323,0,324,1728000,323,58,323,0,324,0,325,27,
427,81,427,0,427,1,425,87,426,1299008,993957,427,330000,428,0,522,1728000,424,0,424,0,425,2457600,423,11,424,0,425,0,426,54,
526,81,526,0,526,1,524,87,526,646016,340965,526,330000,527,0,623,1036800,524,0,524,0,525,2457600,523,10,524,0,524,0,526,20,
629,81,629,0,629,1,627,87,629,285791,0,630,330000,630,0,724,1574400,625,0,626,0,627,1036800,625,20,626,0,626,0,629,20,
732,81,733,0,733,1,728,87,732,357032,51981,733,330000,734,0,824,2457600,727,0,728,0,730,1574400,726,14,727,0,728,0,732,11,
827,81,827,0,827,1,826,87,827,2680647,2375596,828,330000,828,16,924,2457600,825,0,825,2457600,826,2457600,825,70,825,0,928,10,827,62,
931,81,931,0,909,2,928,87,931,993445,688394,932,330000,932,16,1025,2457600,926,0,927,1728000,928,1958400,925,30,926,0,1028,50,931,10,
1030,81,1030,0,931,2,1029,87,1030,1385699,1080648,1031,330000,1032,16,1125,2457600,1026,0,1027,1728000,1029,1728000,1026,30,1027,0,1131,0,1030,18,
1133,81,1133,0,1031,2,1131,87,1133,1631753,1326702,1133,330000,1134,16,1226,2457600,1130,0,1131,0,1131,1728000,1126,55,1130,0,1229,0,1133,42,
1231,81,1231,0,1133,2,1229,87,1231,1242463,937412,1232,200000,1233,16,1326,1728000,1228,0,1229,0,1230,1728000,1227,40,1228,0,1328,0,1231,30,
1330,81,1330,0,1232,2,1329,87,1330,913525,608474,1330,200000,1331,16,1427,729600,1328,0,1328,0,1329,1728000,1327,33,1328,0,1439,0,1330,50,
1450,81,1451,0,1330,2,1441,87,1449,272503,0,1453,200000,1453,16,1528,1267200,1436,0,1437,0,1443,729600,1434,40,1437,0,1532,0,1449,41,
1535,81,1535,0,1451,2,1532,87,1535,746519,441468,1536,200000,1537,16,1629,1267200,1530,0,1531,0,1533,1267200,1530,75,1531,0,1634,0,1534,55,
1637,81,1637,0,1535,2,1634,87,1637,496799,191748,1638,200000,1639,16,1730,1497600,1632,0,1633,0,1635,1267200,1631,45,1633,0,1733,0,1636,27,
1735,81,1736,0,1637,2,1733,87,1735,394820,89769,1737,330000,1737,16,1835,300000,1732,0,1732,0,1733,300000,1731,33,1732,0,1855,0,1735,36,
1873,81,1874,0,1736,2,1858,87,1873,219705,0,1875,330000,1876,0,1933,1190400,1847,0,1853,0,1860,300000,1844,27,1851,0,1937,0,1870,41,
1939,81,1939,0,1874,2,1937,87,1939,472855,167804,1940,330000,1941,0,2038,300000,1936,0,1936,0,1937,1190400,1935,54,1936,0,2057,0,1939,25,
2065,81,2065,0,1940,2,2060,87,2065,178066,0,2066,330000,2067,0,2135,1497600,2049,0,2053,0,2062,300000,2047,12,2050,0,2140,0,2064,33,
2143,81,2143,0,2066,2,2140,87,2143,819666,514615,2144,330000,2145,0,2237,652800,2138,0,2139,0,2141,1497600,2138,44,2139,0,2245,0,2142,57,
2249,81,2249,0,2143,2,2245,87,2249,216219,0,2251,330000,2252,0,2337,1190400,2242,0,2244,0,2246,652800,2240,30,2243,0,2341,0,2249,18,
2346,81,2346,0,2250,2,2341,87,2345,550836,245785,2347,330000,2348,0,2437,1190400,2339,0,2340,0,2342,1190400,2339,45,2339,0,2440,0,2344,55,
2444,81,2444,0,2309,2,2441,87,2444,302039,0,2445,330000,2445,0,2537,1190400,2439,0,2440,0,2441,1190400,2439,33,2439,0,2548,0,2443,0,
2522,81,2522,0,2346,2,2548,87,2550,639891,334840,2551,330000,2552,0,2639,1728000,2541,0,2546,1728000,2549,1497600,2540,54,2541,0,2652,11,2550,41,
2550,81,2550,0,2444,2,2653,87,2658,450638,145587,2660,330000,2662,0,2740,960000,2644,300000,2649,1728000,2654,300000,2643,20,2648,0,2751,0,2658,9,
2659,81,2659,0,2551,2,2753,87,2758,348390,43339,2761,330000,2762,0,2841,300000,2744,960000,2748,300000,2754,960000,2743,36,2747,30,2852,0,2757,11,
2759,81,2759,0,2659,2,2852,87,2855,219199,0,2855,330000,2856,0,2943,729600,2848,0,2849,0,2853,1190400,2846,36,2849,0,2950,0,2854,11,
2855,81,2855,0,2759,2,2951,87,2957,237689,0,2961,330000,2963,0,3043,300000,2947,0,2949,0,2953,729600,2946,33,2948,0,3060,0,2956,22,
2957,81,2958,0,2855,2,3062,87,3072,176315,0,3073,330000,3074,0,3142,1190400,3055,0,3058,0,3064,300000,3052,40,3057,0,3147,0,3070,60,
3072,81,3073,0,2958,2,3148,87,3155,465428,160377,3156,330000,3157,0,3242,1497600,3146,0,3147,0,3152,1190400,3145,33,3146,0,3247,0,3155,44,
3155,81,3155,0,3073,2,3247,87,3249,395000,89949,3249,330000,3250,0,3344,1190400,3245,0,3246,0,3247,1497600,3245,12,3245,0,3349,0,3248,22,
3249,81,3249,0,3155,2,3349,87,3354,487708,182657,3355,330000,3357,0,3447,1497600,3347,0,3348,0,3350,1190400,3346,33,3347,0,3451,0,3353,50,
3354,81,3354,0,3249,2,3451,87,3452,654870,349819,3453,330000,3454,0,3548,1497600,3449,0,3450,300000,3451,1497600,3449,50,3449,0,3553,20,3452,25,
3453,81,3453,0,3316,2,3554,87,3555,559796,254745,3556,330000,3557,0,3650,300000,3550,0,3551,1497600,3554,1497600,3550,30,3551,0,3673,0,3555,10,
3555,81,3556,0,3354,2,3674,87,3684,177748,0,3687,330000,3689,0,3750,1190400,3664,0,3670,0,3676,300000,3660,30,3668,0,3754,0,3683,25,
3684,81,3685,0,3453,2,3754,87,3756,469142,164091,3757,330000,3757,0,3853,300000,3752,0,3753,0,3754,1190400,3751,50,3753,0,3872,0,3756,28,
3756,81,3756,0,3556,2,3875,87,3883,289944,0,3886,330000,3888,0,3952,1497600,3866,0,3870,0,3877,1190400,3862,30,3868,0,3955,0,3882,30,
3883,81,3884,0,3686,2,3956,87,3957,730930,425879,3958,330000,3959,0,4052,300000,3954,0,3955,0,3956,1497600,3953,54,3955,0,4055,0,3957,33,
3958,81,3958,0,3756,2,4055,87,4057,337573,32522,4058,330000,4058,0,4153,1497600,4054,0,4055,0,4056,1497600,4054,12,4055,0,4156,0,4057,25,
4057,81,4057,0,3885,2,4157,87,4158,578810,273759,4159,330000,4160,0,4254,1190400,4155,0,4156,0,4157,1497600,4155,45,4156,0,4258,0,4158,18,
4159,81,4159,0,3958,2,4259,87,4262,368880,63829,4264,330000,4264,0,4355,1497600,4257,0,4258,0,4259,1190400,4256,40,4257,0,4361,0,4262,11,
4262,81,4263,0,4057,2,4362,87,4366,416203,111152,4369,330000,4372,0,4455,1190400,4358,0,4360,0,4363,652800,4357,33,4359,0,4459,0,4366,36,
4367,81,4367,0,4159,2,4459,87,4462,346600,41549,4463,330000,4464,0,4557,1497600,4457,0,4458,0,4460,1190400,4457,33,4458,0,4568,0,4462,12,
4462,81,4462,0,4263,2,4569,87,4585,336745,31694,4587,330000,4590,0,4656,1497600,4562,0,4566,0,4570,300000,4561,25,4565,0,4659,0,4584,38,
4585,81,4585,0,4312,2,4659,87,4661,1047845,742794,4662,330000,4665,0,4763,300000,4658,0,4659,0,4660,1497600,4658,60,4659,0,4780,0,4661,77,
4661,81,4661,0,4368,2,4783,87,4786,290039,0,4788,330000,4789,0,4858,1190400,4771,0,4777,0,4784,1190400,4770,27,4774,0,4860,0,4786,30,
4787,81,4787,0,4463,2,4861,87,4863,600387,295336,4864,330000,4864,0,4960,300000,4860,0,4860,0,4861,1497600,4859,28,4860,0,4971,0,4862,50,
4863,81,4863,0,4586,2,4972,87,4980,177143,0,4983,330000,4984,0,5060,1190400,4967,0,4969,0,4974,300000,4965,36,4968,0,5065,0,4979,38,
4981,81,4982,0,4662,2,5066,87,5069,480282,175231,5070,330000,5071,0,5160,300000,5063,0,5065,0,5066,1190400,5063,41,5064,0,5170,0,5068,40,
5069,81,5069,0,4787,2,5171,87,5179,178002,0,5182,330000,5185,0,5263,300000,5166,0,5168,0,5173,300000,5165,20,5167,0,5276,0,5179,27,
5180,81,5180,0,4863,2,5278,87,5286,176315,0,5290,330000,5293,0,5363,1497600,5270,0,5274,0,5280,300000,5269,55,5271,0,5366,0,5286,45,
5287,81,5288,0,4983,2,5366,87,5367,745465,440414,5368,330000,5368,0,5465,300000,5365,0,5365,0,5366,1190400,5364,60,5365,0,5480,0,5367,50,
5367,81,5368,0,5069,2,5482,87,5493,178002,0,5495,330000,5495,0,5566,1190400,5475,0,5479,0,5485,300000,5473,22,5477,0,5569,0,5493,25,
5493,81,5494,0,5181,2,5569,87,5571,393823,88772,5572,330000,5573,0,5666,300000,5568,0,5569,0,5570,300000,5568,58,5568,0,5686,0,5571,33,
5571,81,5572,0,5289,2,5689,87,5699,177684,0,5702,330000,5704,0,5766,652800,5675,0,5683,0,5691,300000,5673,22,5681,0,5771,0,5698,35,
5699,81,5699,0,5316,2,5772,87,5776,320583,15532,5778,330000,5780,0,5867,960000,5769,0,5770,0,5773,960000,5769,64,5770,0,5871,0,5775,42,
5776,81,5777,0,5368,2,5872,87,5874,300135,0,5875,330000,5875,0,5968,960000,5870,0,5871,0,5872,960000,5869,33,5870,0,5971,0,5874,22,
5874,81,5874,0,5494,2,5971,87,5974,271620,0,5976,330000,5977,0,6070,300000,5970,0,5971,0,5972,960000,5969,12,5970,0,6085,0,5974,30,
5975,81,5975,0,5572,2,6088,87,6104,178130,0,6112,330000,6114,0,6169,883200,6080,0,6084,0,6090,300000,6077,10,6083,0,6175,0,6103,33,
6105,81,6106,0,5700,2,6175,87,6178,432931,127880,6180,330000,6180,0,6270,1497600,6173,0,6174,0,6176,1190400,6172,55,6174,0,6274,0,6178,42,
6178,81,6179,0,5777,2,6274,87,6275,528104,223053,6276,330000,6276,0,6372,300000,6273,0,6273,0,6274,1497600,6271,30,6273,0,6387,0,6275,25,
6276,81,6276,0,5874,2,6389,87,6394,176729,0,6395,330000,6396,0,6472,1190400,6380,0,6383,0,6390,300000,6378,54,6381,0,6475,0,6394,33,
6394,81,6394,0,5975,2,6476,87,6478,693029,387978,6478,330000,6479,0,6574,300000,6474,0,6475,0,6476,1497600,6474,41,6475,0,6589,0,6477,57,
6478,81,6478,0,6107,2,6590,87,6599,178543,0,6605,330000,6607,0,6674,1190400,6583,0,6587,0,6592,300000,6581,0,6585,0,6677,0,6598,30,
6600,81,6601,0,6179,2,6677,87,6679,472855,167804,6680,330000,6680,0,6775,300000,6676,0,6676,0,6677,1190400,6675,22,6676,0,6793,0,6679,57,
6679,81,6679,0,6276,2,6794,87,6800,183772,0,6806,330000,6808,0,6876,422400,6785,0,6790,0,6795,422400,6783,0,6788,0,6889,0,6799,30,
6801,81,6802,0,6319,2,6891,87,6900,197306,0,6905,330000,6908,0,6976,1190400,6884,0,6887,0,6893,422400,6880,70,6886,0,6979,0,6898,55,
6901,81,6902,0,6394,2,6979,87,6982,509989,204938,6983,330000,6984,0,7078,422400,6978,0,6978,0,6980,1190400,6977,45,6978,0,7086,0,6982,44,
6982,81,6982,0,6478,2,7087,87,7091,182562,0,7094,330000,7095,0,7179,300000,7083,0,7085,0,7088,300000,7082,30,7084,0,7200,0,7091,38,
7092,81,7092,0,6603,2,7201,87,7210,176538,0,7215,330000,7217,0,7278,1190400,7187,0,7198,0,7203,300000,7185,33,7192,0,7281,0,7210,60,
7211,81,7211,0,6679,2,7282,87,7284,475857,170806,7285,330000,7286,0,7381,300000,7280,0,7281,0,7282,960000,7280,55,7281,0,7394,0,7284,42,
7284,81,7284,0,6803,2,7395,87,7398,331173,26122,7401,330000,7402,0,7480,1190400,7390,0,7393,0,7395,1190400,7389,18,7393,0,7485,0,7397,41,
7398,81,7399,0,6903,2,7486,87,7489,480282,175231,7490,330000,7491,0,7580,300000,7483,0,7485,0,7487,1190400,7483,37,7484,0,7591,0,7488,44,
7489,81,7489,0,6982,2,7594,87,7602,177716,0,7604,330000,7606,0,7681,1190400,7586,0,7589,0,7596,300000,7584,18,7587,0,7685,0,7601,38,
7602,81,7603,0,7092,2,7685,87,7688,467476,162425,7689,330000,7690,0,7784,300000,7684,0,7684,0,7686,1497600,7683,40,7684,0,7798,0,7687,22,
7688,81,7688,0,7214,2,7800,87,7809,178321,0,7813,330000,7814,0,7883,1190400,7792,0,7796,0,7803,300000,7790,12,7794,0,7887,0,7808,25,
7810,81,7812,0,7284,2,7888,87,7890,535982,230931,7892,330000,7893,0,7984,300000,7886,0,7887,0,7888,1190400,7885,54,7886,0,7990,0,7890,42,
7891,81,7891,0,7312,2,7991,87,7997,245886,0,8000,330000,8002,0,8084,1497600,7988,0,7989,0,7991,883200,7987,30,7988,0,8088,0,7995,38,
7997,81,7998,0,7400,2,8088,87,8091,607814,302763,8093,330000,8093,0,8185,300000,8087,0,8087,0,8089,1190400,8086,50,8087,0,8189,0,8091,30,
8091,81,8092,0,7489,2,8189,87,8191,369010,63959,8193,330000,8194,0,8286,652800,8188,0,8188,0,8190,1497600,8187,20,8188,0,8289,0,8191,30,
8191,81,8191,0,7603,2,8290,87,8292,295842,0,8293,330000,8293,0,8388,300000,8288,0,8289,0,8290,1190400,8288,55,8289,0,8392,0,8292,20,
8292,81,8292,0,7688,2,8392,87,8395,245988,0,8398,330000,8399,0,8488,1190400,8390,0,8391,0,8393,1190400,8390,11,8391,0,8493,0,8394,18,
8396,81,8396,0,7813,2,8493,87,8502,495135,190084,8504,330000,8504,0,8590,652800,8490,0,8491,0,8494,1190400,8490,40,8491,0,8598,0,8502,45,
8502,81,8503,0,7891,2,8600,87,8604,238405,0,8607,330000,8608,0,8690,1190400,8595,0,8597,0,8601,652800,8594,41,8596,0,8698,0,8604,36,
8522,81,8522,0,7998,2,8699,87,8705,364021,58970,8707,330000,8709,0,8792,300000,8695,0,8697,0,8700,300000,8694,50,8696,0,8805,0,8705,36,
8604,81,8605,0,8092,2,8805,87,8808,259919,0,8809,330000,8810,0,8891,1190400,8801,0,8804,0,8806,1190400,8797,40,8804,0,8897,0,8808,22,
8706,81,8706,0,8192,2,8897,87,8900,354491,49440,8901,330000,8902,0,8993,300000,8895,0,8896,0,8898,652800,8895,36,8896,0,9016,0,8900,54,
8808,81,8808,0,8292,2,9018,87,9028,177302,0,9034,330000,9034,0,9094,1497600,9008,0,9014,0,9020,300000,9006,27,9012,0,9098,0,9027,42,
8900,81,8901,0,8314,2,9098,87,9100,756283,451232,9100,330000,9101,0,9195,422400,9097,0,9097,0,9098,1497600,9096,75,9097,0,9205,0,9099,16,
9029,81,9030,0,8396,2,9206,87,9212,187618,0,9216,330000,9218,0,9296,300000,9201,0,9203,0,9208,422400,9199,30,9202,0,9306,0,9212,27,
9100,81,9100,0,8503,2,9306,87,9309,378333,73282,9311,330000,9312,0,9396,1190400,9303,0,9305,0,9307,1190400,9302,53,9305,0,9399,0,9309,54,
9213,81,9214,0,8605,2,9399,87,9401,728627,423576,9401,330000,9402,0,9496,1497600,9398,0,9399,0,9399,1497600,9398,54,9398,0,9499,0,9400,55,
9309,81,9310,0,8706,2,9500,87,9502,452044,146993,9503,330000,9504,0,9597,300000,9498,0,9499,0,9500,1497600,9498,10,9499,0,9601,0,9502,33,
9401,81,9401,0,8808,2,9601,87,9603,293141,0,9604,330000,9605,0,9698,1190400,9599,0,9600,0,9601,1497600,9599,14,9600,0,9701,0,9603,18,
9502,81,9502,0,8901,2,9702,87,9707,327173,22122,9710,330000,9711,0,9799,883200,9700,0,9701,0,9703,300000,9699,40,9700,0,9804,0,9707,27,
9603,81,9603,0,9031,2,9804,87,9808,285830,0,9809,330000,9811,0,9900,1190400,9802,0,9803,0,9805,883200,9802,33,9803,0,9909,0,9807,27,
9708,81,9708,0,9100,2,9910,87,9915,364307,59256,9917,330000,9918,0,10003,300000,9906,0,9908,0,9911,300000,9905,50,9907,0,10017,0,9914,27,
9808,81,9808,0,9214,2,10019,87,10029,177588,0,10034,330000,10036,0,10101,1497600,10011,0,10015,0,10021,300000,10008,20,10014,0,10104,0,10027,40,
9915,81,9915,0,9310,2,10104,87,10106,680223,375172,10107,330000,10107,0,10202,1497600,10103,0,10104,0,10105,1497600,10103,42,10104,0,10205,0,10106,37,
10030,81,10031,0,9313,2,10205,87,10207,306264,1213,10207,330000,10208,0,10304,652800,10204,0,10205,0,10206,1497600,10204,10,10204,0,10311,0,10207,10,
10106,81,10106,0,9401,2,10311,87,10320,234580,0,10324,330000,10326,0,10405,652800,10309,0,10310,0,10315,652800,10308,30,10309,0,10417,0,10319,42,
10207,81,10207,0,9503,2,10419,87,10425,242231,0,10429,330000,10431,0,10506,960000,10413,0,10416,0,10420,652800,10410,37,10414,0,10509,0,10425,45,
10321,81,10321,0,9604,2,10510,87,10512,354970,49919,10514,330000,10515,0,10608,300000,10508,0,10509,0,10510,960000,10508,55,10509,0,10619,0,10512,25,
10426,81,10426,0,9708,2,10620,87,10628,177588,0,10630,330000,10631,0,10707,1497600,10616,0,10618,0,10621,300000,10615,30,10617,0,10710,0,10628,30,
10513,81,10513,0,9808,2,10710,87,10712,838681,533630,10713,330000,10713,0,10808,300000,10709,0,10710,0,10711,1497600,10709,54,10710,0,10812,0,10712,50,
10629,81,10629,0,9916,2,10813,87,10819,180461,0,10822,330000,10824,0,10910,1497600,10810,0,10811,0,10815,422400,10810,10,10811,0,10917,0,10819,9,
10712,81,10712,0,10032,2,10918,87,10923,337255,32204,10925,330000,10927,0,11012,300000,10915,0,10917,0,10919,300000,10914,25,10916,0,11027,0,10923,22,
10820,81,10820,0,10106,2,11029,87,11037,176856,0,11041,330000,11043,0,11111,1190400,11021,0,11025,0,11031,300000,11020,33,11023,0,11118,0,11036,50,
10923,81,10924,0,10207,2,11119,87,11124,324586,19535,11127,330000,11128,0,11214,300000,11115,0,11117,0,11120,422400,11114,37,11116,0,11233,0,11123,54,
11038,81,11038,0,10322,2,11234,87,11243,177907,0,11244,330000,11245,0,11315,960000,11227,0,11230,0,11236,300000,11225,20,11229,0,11321,0,11242,30,
11125,81,11125,0,10323,2,11321,87,11329,501928,196877,11330,330000,11330,0,11366,1190400,11319,0,11320,0,11323,960000,11319,60,11320,0,11375,0,11329,87,
11243,81,11243,0,10427,2,11376,87,11382,699371,394320,11385,330000,11385,0,11468,300000,11371,0,11373,0,11378,1190400,11371,60,11373,0,11478,0,11382,80,
11329,81,11329,0,10513,2,11479,87,11488,178130,0,11491,330000,11493,0,11567,1190400,11474,0,11477,0,11480,300000,11473,25,11475,0,11571,0,11487,18,
11383,81,11384,0,10630,2,11571,87,11573,413441,108390,11574,330000,11575,0,11670,300000,11570,0,11570,0,11572,1190400,11569,63,11570,0,11687,0,11573,0,
11489,81,11489,0,10712,2,11690,87,11699,178352,0,11703,330000,11705,0,11769,1497600,11680,0,11686,0,11692,300000,11678,20,11684,0,11772,0,11698,16,
11573,81,11573,0,10821,2,11773,87,11775,762621,457570,11775,330000,11776,0,11870,729600,11771,0,11772,0,11773,1497600,11771,55,11771,0,11877,0,11775,37,
11700,81,11700,0,10924,2,11878,87,11882,207006,0,11885,330000,11886,0,11971,1497600,11873,0,11876,0,11879,729600,11873,16,11875,0,11974,0,11882,10,
11775,81,11775,0,11039,2,11974,87,11976,749945,444894,11978,330000,11978,0,12072,652800,11973,0,11973,0,11975,1497600,11972,60,11973,0,12080,0,11976,30,
11883,81,11883,0,11125,2,12080,87,12085,210099,0,12087,330000,12088,0,12174,1497600,12078,0,12079,0,12081,652800,12076,22,12078,0,12190,0,12084,18,
11977,81,11977,0,11243,2,12191,87,12201,458383,153332,12203,330000,12204,0,12273,1497600,12185,0,12188,0,12194,300000,12181,44,12186,0,12276,0,12200,0,
12085,81,12085,0,11322,2,12276,87,12277,572665,267614,12278,330000,12280,0,12374,1728000,12275,0,12275,0,12276,1190400,12275,55,12275,0,12376,0,12277,12,
12202,81,12203,0,11329,2,12376,87,12378,652305,347254,12378,330000,12379,0,12474,2457600,12375,0,12376,0,12377,1728000,12375,36,12376,0,12476,0,12378,18,
12277,81,12277,0,11384,2,12477,87,12478,558460,253409,12478,330000,12479,0,12574,2457600,12475,0,12476,0,12477,300000,12475,20,12476,0,12577,0,12478,0,
12378,81,12378,0,11489,2,12577,87,12578,337100,32049,12578,330000,12579,0,12675,2457600,12576,0,12576,0,12577,1728000,12576,0,12576,0,12677,0,12578,18,
12478,81,12478,0,11574,2,12677,87,12678,557886,252835,12679,330000,12679,0,12776,2457600,12676,0,12677,0,12677,300000,12676,20,12677,0,12778,0,12678,18,
12578,81,12578,0,11701,2,12778,87,12779,683913,378862,12780,330000,12780,0,12880,300000,12777,0,12778,0,12778,1728000,12777,22,12778,0,12892,0,12779,10,
12678,81,12678,0,11775,2,12893,87,12898,271759,0,12899,330000,12900,0,12979,1190400,12888,0,12891,0,12893,1190400,12886,18,12889,0,12983,0,12898,25,
12779,81,12779,0,11884,2,12983,87,12986,458001,152950,12987,330000,12988,0,13080,652800,12982,0,12982,0,12984,1190400,12981,50,12982,0,13090,0,12986,25,
12898,81,12898,0,11977,2,13091,87,13096,213924,0,13100,330000,13101,0,13181,652800,13085,0,13088,0,13092,652800,13084,27,13086,0,13189,0,13095,18,
12986,81,12986,0,12085,2,13190,87,13195,229990,0,13198,330000,13199,0,13282,729600,13186,0,13187,0,13191,652800,13185,30,13187,0,13288,0,13195,36,
13098,81,13099,0,12203,2,13288,87,13294,278952,0,13296,330000,13297,0,13382,1497600,13286,0,13287,0,13291,729600,13285,54,13287,0,13386,0,13294,40,
13196,81,13196,0,12277,2,13388,87,13393,502751,197700,13394,330000,13394,0,13484,1497600,13384,0,13385,0,13390,1497600,13384,40,13384,0,13493,0,13393,11,
13294,81,13295,0,12314,2,13494,87,13501,431883,126832,13503,330000,13504,0,13584,1497600,13489,0,13491,0,13495,300000,13488,40,13490,0,13589,0,13500,36,
13393,81,13394,0,12378,2,13590,87,13598,335771,30720,13600,330000,13601,0,13684,1497600,13587,0,13589,0,13591,652800,13587,22,13588,0,13687,0,13597,22,
13501,81,13501,0,12478,2,13687,87,13689,496413,191362,13689,330000,13689,0,13787,300000,13686,0,13687,0,13687,1497600,13686,25,13686,0,13811,0,13688,25,
13598,81,13598,0,12578,2,13814,87,13825,182138,0,13830,330000,13833,0,13887,652800,13798,0,13809,0,13818,422400,13795,20,13806,0,13895,0,13824,23,
13689,81,13689,0,12679,2,13897,87,13903,263652,0,13906,330000,13907,0,13987,1497600,13890,0,13891,0,13898,652800,13889,77,13891,0,13996,0,13902,33,
13826,81,13826,0,12779,2,13997,87,14005,559796,254745,14008,330000,14010,0,14088,1190400,13991,0,13994,0,13999,1497600,13990,33,13993,0,14091,0,14004,27,
13905,81,13905,0,12898,2,14092,87,14095,364530,59479,14097,330000,14098,0,14192,300000,14090,0,14090,0,14093,300000,14089,50,14090,0,14202,0,14095,20,
14005,81,14006,0,12986,2,14207,87,14213,177365,0,14214,330000,14214,0,14289,1190400,14198,0,14201,0,14208,300000,14197,22,14200,0,14293,0,14213,45,
14096,81,14096,0,13099,2,14293,87,14295,413441,108390,14296,330000,14297,0,14390,1497600,14292,0,14292,0,14294,1190400,14291,33,14292,0,14397,0,14295,30,
14213,81,14213,0,13197,2,14397,87,14399,718253,413202,14400,330000,14401,0,14494,300000,14395,0,14397,0,14398,1497600,14394,45,14396,0,14518,0,14399,40,
14295,81,14295,0,13295,2,14518,87,14522,312129,7078,14522,330000,14523,0,14592,1267200,14512,0,14517,0,14519,1190400,14510,33,14517,0,14595,0,14521,36,
14399,81,14400,0,13317,2,14596,87,14598,739214,434163,14599,330000,14600,0,14696,1267200,14594,0,14595,0,14596,1267200,14594,72,14595,0,14705,0,14598,58,
14522,81,14522,0,13394,2,14705,87,14709,287135,0,14710,330000,14711,0,14793,1497600,14702,0,14704,0,14706,1267200,14701,9,14704,0,14796,0,14708,16,
14523,81,14523,0,13502,2,14796,87,14798,528104,223053,14799,330000,14799,0,14894,1497600,14795,0,14796,0,14797,1497600,14795,44,14796,0,14897,0,14798,11,
14598,81,14598,0,13599,2,14897,87,14899,369647,64596,14900,330000,14901,0,14997,300000,14896,0,14897,0,14898,1497600,14895,20,14896,0,15012,0,14899,10,
14709,81,14709,0,13689,2,15014,87,15023,178225,0,15028,330000,15030,0,15097,300000,15007,0,15010,0,15016,300000,15004,20,15008,0,15112,0,15022,20,
14798,81,14798,0,13828,2,15113,87,15123,176315,0,15124,330000,15125,0,15198,1497600,15105,0,15110,0,15116,300000,15103,50,15108,0,15206,0,15123,50,
14900,81,14900,0,13905,2,15207,87,15211,546419,241368,15215,330000,15216,0,15297,1497600,15203,0,15205,0,15207,300000,15202,58,15204,0,15301,0,15211,22,
15024,81,15025,0,14007,2,15301,87,15303,509089,204038,15303,330000,15304,0,15398,2457600,15300,0,15300,0,15301,1497600,15299,30,15300,0,15400,0,15302,22,
15123,81,15123,0,14096,2,15400,87,15401,2548010,2242959,15402,330000,15402,0,15498,2457600,15399,0,15400,0,15400,2457600,15399,62,15399,0,15500,0,15401,63,
15212,81,15213,0,14213,2,15500,87,15502,1411124,1106073,15503,330000,15503,0,15599,1728000,15500,0,15500,0,15501,2457600,15499,45,15500,0,15602,0,15501,20,
15303,81,15303,0,14296,2,15602,87,15604,643549,338498,15605,330000,15605,0,15700,1728000,15601,0,15601,0,15602,1728000,15601,20,15601,0,15704,0,15604,33,
15401,81,15402,0,14327,2,15705,87,15706,661061,356010,15707,330000,15708,0,15805,300000,15702,0,15704,0,15705,1728000,15701,25,15704,0,15818,0,15706,30,
15502,81,15502,0,14400,2,15818,87,15821,345295,40244,15823,330000,15823,0,15902,1190400,15814,0,15817,0,15819,1190400,15814,41,15814,0,15905,0,15821,45,
15604,81,15604,0,14522,2,15905,87,15907,666973,361922,15907,330000,15908,0,16002,300000,15904,0,15905,0,15905,1497600,15904,63,15904,0,16006,0,15906,40,
15707,81,15707,0,14599,2,16006,87,16009,248359,0,16010,330000,16011,0,16104,2457600,16005,0,16006,0,16007,1497600,16004,27,16005,0,16113,0,16009,11,
15821,81,15822,0,14709,2,16113,87,16114,1052682,747631,16115,330000,16115,0,16204,1190400,16110,0,16112,0,16113,1728000,16109,41,16111,0,16207,0,16114,11,
15907,81,15907,0,14798,2,16208,87,16210,391160,86109,16211,330000,16212,0,16304,300000,16206,0,16207,0,16208,1190400,16206,27,16207,0,16307,0,16209,30,
16009,81,16009,0,14900,2,16307,87,16309,349581,44530,16309,330000,16310,0,16405,1190400,16306,0,16307,0,16308,1497600,16306,33,16306,0,16409,0,16309,27,
16114,81,16114,0,15026,2,16409,87,16412,346600,41549,16414,330000,16415,0,16507,300000,16407,0,16408,0,16409,1190400,16407,12,16408,0,16519,0,16412,33,
16210,81,16210,0,15123,2,16520,87,16528,178352,0,16531,330000,16533,0,16608,300000,16515,0,16517,0,16521,300000,16514,20,16516,0,16623,0,16527,16,
16309,81,16309,0,15213,2,16625,87,16635,175392,0,16643,330000,16644,0,16710,883200,16617,0,16619,0,16628,300000,16615,66,16618,0,16715,0,16634,63,
16412,81,16413,0,15303,2,16716,87,16720,267312,0,16722,330000,16724,0,16811,883200,16713,0,16714,0,16717,300000,16712,50,16714,0,16820,0,16719,25,
16528,81,16529,0,15356,2,16821,87,16826,247144,0,16829,330000,16831,0,16912,300000,16816,0,16818,0,16822,422400,16814,36,16817,0,16921,0,16826,27,
16636,81,16640,0,15402,2,16923,87,16929,217213,0,16931,330000,16933,0,17012,652800,16918,0,16920,0,16924,883200,16917,40,16919,0,17020,0,16928,22,
16720,81,16721,0,15406,0,17021,87,17028,241466,0,17031,330000,17033,0,17113,1190400,17017,0,17019,0,17023,652800,17016,40,17018,0,17116,0,17027,41,
16827,81,16827,0,15502,0,17116,87,17118,482329,177278,17118,330000,17119,0,17214,883200,17115,0,17115,0,17116,1497600,17114,44,17115,0,17217,0,17117,22,
16929,81,16930,0,15604,0,17217,87,17219,278325,0,17219,330000,17220,0,17315,1497600,17216,0,17217,0,17217,1497600,17215,20,17216,0,17326,0,17219,10,
17028,81,17029,0,15707,0,17330,87,17338,388025,82974,17342,330000,17347,0,17417,1190400,17321,0,17325,0,17332,300000,17320,33,17323,0,17434,0,17337,20,
17118,81,17118,0,15822,0,17435,87,17437,599110,294059,17439,330000,17440,0,17516,1190400,17423,0,17432,0,17435,1190400,17422,50,17424,0,17520,0,17437,63,
17219,81,17219,0,15907,0,17520,87,17522,483995,178944,17523,330000,17524,0,17618,300000,17519,0,17519,0,17520,1190400,17518,54,17519,0,17651,0,17522,28,
17339,81,17340,0,16010,0,17652,87,17656,185457,0,17658,330000,17658,0,17719,652800,17634,0,17643,0,17653,422400,17626,50,17639,0,17731,0,17655,53,
17438,81,17438,0,16114,0,17732,87,17739,282778,0,17745,330000,17747,0,17819,1036800,17723,0,17729,0,17734,652800,17723,75,17728,0,17825,0,17739,60,
17522,81,17522,0,16210,0,17825,87,17827,452859,147808,17828,330000,17829,0,17924,1190400,17823,0,17824,0,17825,1190400,17823,33,17824,0,17935,0,17827,50,
17656,81,17657,0,16309,0,17936,87,17937,662448,357397,17938,330000,17938,0,18020,1574400,17931,0,17934,1574400,17936,1574400,17930,44,17931,0,18029,44,17937,45,
17740,81,17744,0,16413,0,18030,87,18033,655289,350238,18034,330000,18035,0,18121,1574400,18022,0,18022,1574400,18030,1574400,18021,11,18022,0,18125,40,18033,12,
17827,81,17827,0,16529,0,18125,87,18127,910938,605887,18128,330000,18129,0,18221,1574400,18123,0,18123,1574400,18125,1574400,18122,36,18123,0,18225,0,18127,27,
17937,81,17937,0,16641,0,18225,87,18227,499059,194008,18227,330000,18228,0,18322,1574400,18224,0,18224,0,18225,1574400,18223,20,18224,0,18326,0,18226,25,
18033,81,18033,0,16721,0,18326,87,18328,442248,137197,18329,330000,18330,0,18422,1574400,18325,0,18325,0,18326,1574400,18324,27,18325,0,18425,0,18328,10,
18127,81,18127,0,16828,0,18425,87,18428,641086,336035,18428,330000,18429,0,18523,1574400,18424,0,18425,0,18426,1574400,18424,40,18425,0,18526,0,18427,25,
18227,81,18227,0,16930,0,18526,87,18527,335728,30677,18528,330000,18528,0,18626,300000,18525,0,18525,0,18526,1574400,18524,22,18525,0,18647,0,18527,0,
18328,81,18329,0,17030,0,18649,87,18659,178066,0,18665,330000,18669,0,18725,1190400,18640,0,18644,0,18651,300000,18635,20,18643,0,18733,0,18658,25,
18428,81,18428,0,17118,0,18734,87,18736,700649,395598,18738,330000,18739,0,18826,300000,18729,0,18731,0,18735,1497600,18728,55,18730,0,18833,0,18736,50,
18527,81,18527,0,17219,0,18834,87,18840,177843,0,18843,330000,18844,0,18928,1190400,18830,0,18832,0,18836,300000,18829,30,18831,0,18937,0,18840,22,
18660,81,18661,0,17341,0,18940,87,18945,393409,88358,18947,330000,18949,0,19029,1190400,18934,0,18936,0,18941,300000,18933,58,18935,0,19032,0,18945,46,
18737,81,18737,0,17438,0,19032,87,19038,179498,0,19040,330000,19041,0,19129,883200,19031,0,19032,0,19034,1190400,19030,0,19031,0,19133,0,19037,0,
18841,81,18841,0,17522,0,19133,87,19135,357988,52937,19136,330000,19136,0,19231,300000,19132,0,19132,0,19134,1190400,19131,63,19132,0,19243,0,19135,18,
18945,81,18946,0,17657,0,19244,87,19248,279122,0,19249,330000,19250,0,19331,1497600,19239,0,19242,0,19245,1190400,19237,20,19241,0,19339,0,19247,27,
19038,81,19038,0,17744,0,19339,87,19341,686562,381511,19343,330000,19343,0,19434,300000,19337,0,19338,0,19339,1497600,19337,50,19338,0,19449,0,19340,30,
19135,81,19135,0,17828,0,19451,87,19458,177843,0,19462,330000,19465,0,19534,1497600,19442,0,19445,0,19453,300000,19441,11,19444,0,19540,0,19458,41,
19248,81,19248,0,17938,0,19540,87,19548,464794,159743,19552,330000,19553,0,19635,300000,19538,0,19539,0,19541,422400,19537,44,19538,0,19646,0,19547,45,
19341,81,19342,0,18034,0,19647,87,19654,183817,0,19656,330000,19658,0,19735,1190400,19642,0,19645,0,19648,422400,19641,12,19643,0,19738,0,19653,33,
19459,81,19460,0,18128,0,19739,87,19740,465428,160377,19741,330000,19742,0,19837,1190400,19737,0,19738,0,19739,1190400,19737,44,19738,0,19845,0,19740,33,
19549,81,19549,0,18227,0,19845,87,19848,313179,8128,19849,330000,19850,0,19937,652800,19843,0,19843,0,19845,1190400,19842,20,19843,0,19943,0,19848,16,
19654,81,19654,0,18329,0,19943,87,19947,214373,0,19949,330000,19950,0,20038,300000,19940,0,19942,0,19944,422400,19940,40,19941,0,20053,0,19947,30,
19741,81,19741,0,18428,0,20055,87,20067,177238,0,20072,330000,20073,0,20139,1190400,20047,0,20051,0,20058,300000,20045,44,20049,0,20144,0,20066,27,
19848,81,19848,0,18528,0,20145,87,20148,465428,160377,20149,330000,20150,0,20242,300000,20143,0,20144,0,20145,1190400,20142,33,20143,0,20262,0,20148,44,
19947,81,19948,0,18663,0,20263,87,20265,278963,0,20266,330000,20267,0,20341,960000,20255,0,20259,0,20263,1190400,20254,25,20256,0,20347,0,20265,27,
20069,81,20069,0,18737,0,20350,87,20354,436126,131075,20356,330000,20357,0,20441,1036800,20345,0,20346,0,20351,960000,20344,63,20346,0,20450,0,20354,54,
20148,81,20148,0,18841,0,20451,87,20457,274111,0,20460,330000,20464,0,20542,1190400,20447,0,20449,0,20452,300000,20446,36,20448,0,20548,0,20457,33,
20265,81,20266,0,18946,0,20548,87,20556,628817,323766,20558,330000,20559,0,20643,1497600,20545,0,20548,0,20549,1190400,20544,55,20545,0,20646,0,20554,66,
20354,81,20354,0,19038,0,20646,87,20647,325278,20227,20648,330000,20648,0,20743,1036800,20645,0,20645,0,20646,1497600,20644,11,20645,0,20745,0,20647,12,
20458,81,20458,0,19135,0,20746,87,20747,346734,41683,20747,330000,20748,0,20843,1190400,20745,0,20745,0,20746,1497600,20744,20,20745,0,20847,0,20747,18,
20546,81,20546,0,19248,0,20847,87,20850,443148,138097,20851,330000,20852,0,20945,422400,20846,0,20846,0,20848,1190400,20845,27,20846,0,20956,0,20849,44,
20556,81,20556,0,19342,0,20957,87,20964,189185,0,20966,330000,20967,0,21046,300000,20950,0,20952,0,20959,422400,20949,18,20951,0,21054,0,20963,50,
20647,81,20647,0,19461,0,21055,87,21065,318240,13189,21069,330000,21072,0,21146,1190400,21050,0,21053,0,21058,1497600,21049,22,21051,0,21149,0,21064,22,
20747,81,20747,0,19550,0,21149,87,21152,328033,22982,21155,330000,21156,0,21246,960000,21148,0,21149,0,21150,1190400,21147,40,21148,0,21250,0,21151,0,
20850,81,20850,0,19655,0,21251,87,21255,300135,0,21256,330000,21257,0,21350,300000,21249,0,21250,0,21251,960000,21248,22,21249,0,21365,0,21254,33,
20964,81,20965,0,19741,0,21366,87,21375,177206,0,21381,330000,21383,0,21449,1497600,21359,0,21362,0,21368,300000,21358,36,21361,0,21452,0,21374,36,
21066,81,21067,0,19848,0,21452,87,21454,806989,501938,21454,330000,21455,0,21552,300000,21451,0,21451,0,21453,1497600,21450,66,21451,0,21569,0,21454,33,
21152,81,21153,0,19948,0,21571,87,21580,177970,0,21583,330000,21584,0,21651,1190400,21563,0,21567,0,21574,300000,21561,18,21565,0,21655,0,21579,30,
21255,81,21255,0,20070,0,21655,87,21658,587970,282919,21659,330000,21660,0,21751,1267200,21653,0,21654,0,21656,1190400,21653,60,21654,0,21755,0,21657,50,
21376,81,21377,0,20149,0,21755,87,21757,321579,16528,21759,330000,21760,0,21853,300000,21754,0,21755,0,21756,1267200,21753,11,21754,0,21861,0,21757,22,
21454,81,21454,0,20266,0,21862,87,21866,242597,0,21869,330000,21871,0,21955,883200,21857,0,21860,0,21863,883200,21856,22,21858,0,21965,0,21866,36,
21580,81,21581,0,20354,0,21966,87,21973,213987,0,21974,330000,21974,0,22055,1190400,21961,0,21964,0,21968,300000,21959,20,21963,0,22059,0,21972,30,
21658,81,21658,0,20458,0,22060,87,22062,450575,145524,22064,330000,22065,0,22160,1267200,22058,0,22059,0,22060,1190400,22057,33,22058,0,22165,0,22062,40,
21758,81,21758,0,20556,0,22165,87,22167,293345,0,22168,330000,22169,0,22257,652800,22163,0,22164,0,22166,652800,22163,22,22164,0,22264,0,22167,25,
21867,81,21868,0,20648,0,22265,87,22271,202449,0,22274,330000,22276,0,22358,652800,22261,0,22263,0,22266,652800,22260,30,22261,0,22365,0,22270,0,
21973,81,21973,0,20747,0,22366,87,22369,211854,0,22371,330000,22372,0,22462,300000,22363,0,22365,0,22367,300000,22361,44,22364,0,22476,0,22369,41,
22063,81,22063,0,20850,0,22478,87,22487,177143,0,22493,330000,22494,0,22560,1497600,22470,0,22474,0,22480,300000,22468,41,22473,0,22563,0,22486,33,
22167,81,22168,0,20965,0,22563,87,22565,864034,558983,22565,330000,22566,0,22661,300000,22562,0,22562,0,22563,1497600,22561,63,22562,0,22670,0,22564,45,
22271,81,22272,0,21067,0,22670,87,22675,186798,0,22676,330000,22678,0,22763,300000,22668,0,22669,0,22671,652800,22667,11,22668,0,22768,0,22674,10,
22370,81,22370,0,21154,0,22769,87,22770,432329,127278,22772,330000,22772,0,22864,300000,22767,0,22768,0,22769,1497600,22766,22,22768,0,22875,0,22770,40,
22488,81,22489,0,21255,0,22875,87,22878,346313,41262,22879,330000,22880,0,22964,422400,22873,0,22874,0,22876,1190400,22872,9,22873,0,22967,0,22877,45,
22565,81,22565,0,21378,0,22967,87,22968,184769,0,22969,330000,22970,0,23065,652800,22966,0,22966,0,22967,1497600,22965,37,22966,0,23073,0,22968,0,
22675,81,22675,0,21454,0,23074,87,23078,215454,0,23079,330000,23081,0,23115,1190400,23070,0,23072,0,23075,652800,23068,20,23071,0,23119,0,23078,27,
22771,81,22771,0,21582,0,23120,87,23123,636244,331193,23124,330000,23125,0,23215,1497600,23118,0,23119,0,23120,1190400,23117,83,23118,0,23218,0,23122,40,
22878,81,22878,0,21659,0,23218,87,23220,547119,242068,23221,330000,23221,0,23318,300000,23217,0,23218,0,23219,1497600,23217,22,23218,0,23334,0,23220,36,
22969,81,22969,0,21758,0,23335,87,23338,279122,0,23339,330000,23340,0,23417,1497600,23331,0,23333,0,23336,1190400,23326,20,23333,0,23419,0,23338,27,
23078,81,23078,0,21868,0,23420,87,23421,775298,470247,23422,330000,23423,0,23520,300000,23419,0,23419,0,23420,1497600,23418,58,23419,0,23545,0,23421,36,
23123,81,23123,0,21973,0,23549,87,23559,183562,0,23563,330000,23564,0,23620,1497600,23535,0,23544,0,23551,422400,23533,20,23542,0,23624,0,23558,33,
23220,81,23220,0,22063,0,23624,87,23626,667547,362496,23628,330000,23628,0,23721,300000,23622,0,23623,0,23625,1497600,23622,37,23623,0,23734,0,23626,40,
23338,81,23338,0,22168,0,23736,87,23745,178384,0,23750,330000,23753,0,23822,300000,23728,0,23731,0,23738,300000,23726,25,23729,0,23830,0,23744,10,
23421,81,23421,0,22273,0,23831,87,23837,271059,0,23841,330000,23843,0,23925,300000,23827,0,23829,0,23833,1190400,23826,40,23828,0,23940,0,23837,25,
23560,81,23562,0,22370,0,23942,87,23946,252619,0,23948,330000,23949,0,24023,1497600,23934,0,23938,0,23943,1190400,23932,36,23936,0,24026,0,23945,20,
23627,81,23627,0,22490,0,24026,87,24027,490074,185023,24028,330000,24028,0,24125,300000,24025,0,24025,0,24026,1497600,24025,37,24025,0,24139,0,24027,12,
23746,81,23747,0,22565,0,24141,87,24152,178066,0,24157,330000,24161,0,24225,729600,24132,0,24136,0,24143,300000,24131,20,24134,0,24231,0,24150,25,
23837,81,23838,0,22676,0,24231,87,24234,386224,81173,24236,330000,24237,0,24326,422400,24228,0,24230,0,24232,1190400,24228,55,24229,0,24334,0,24234,40,
23946,81,23946,0,22771,0,24335,87,24342,187618,0,24346,330000,24348,0,24427,422400,24330,0,24333,0,24336,422400,24330,37,24331,0,24436,0,24341,20,
24027,81,24027,0,22879,0,24436,87,24442,246035,0,24445,330000,24446,0,24527,1497600,24432,0,24435,0,24437,1190400,24431,50,24434,0,24530,0,24439,16,
24153,81,24154,0,22969,0,24530,87,24532,407676,102625,24533,330000,24535,0,24628,652800,24529,0,24529,0,24530,1497600,24528,36,24529,0,24657,0,24531,0,
24235,81,24235,0,23079,0,24658,87,24681,246821,0,24683,330000,24693,0,24728,1497600,24642,0,24653,0,24663,652800,24633,36,24649,0,24731,0,24680,52,
24343,81,24344,0,23123,0,24731,87,24733,897777,592726,24735,330000,24735,0,24831,300000,24730,0,24731,0,24732,1190400,24730,77,24730,0,24849,0,24733,62,
24444,81,24444,0,23220,0,24851,87,24863,177588,0,24864,330000,24864,0,24930,1497600,24840,0,24844,0,24853,300000,24838,33,24843,0,24933,0,24862,27,
24532,81,24532,0,23339,0,24933,87,24935,775298,470247,24935,330000,24936,0,25032,1190400,24932,0,24933,0,24934,1497600,24932,66,24932,0,25036,0,24935,28,
24682,81,24682,0,23421,0,25036,87,25038,279759,0,25039,330000,25040,0,25131,1497600,25035,0,25036,0,25037,1190400,25034,0,25035,0,25134,0,25038,27,
24733,81,24734,0,23563,0,25135,87,25136,667547,362496,25137,330000,25137,0,25233,422400,25134,0,25134,0,25135,1497600,25133,50,25134,0,25241,0,25136,27,
24863,81,24863,0,23627,0,25244,87,25256,186906,0,25261,330000,25264,0,25333,1190400,25238,0,25240,0,25246,422400,25237,22,25239,0,25337,0,25256,30,
24935,81,24935,0,23748,0,25337,87,25339,585471,280420,25339,330000,25340,0,25437,300000,25336,0,25336,0,25337,1497600,25335,53,25336,0,25463,0,25338,33,
25039,81,25039,0,23838,0,25463,87,25467,272014,0,25469,330000,25471,0,25536,1190400,25446,0,25460,0,25464,1190400,25444,10,25453,0,25539,0,25466,25,
25136,81,25136,0,23947,0,25539,87,25541,506275,201224,25542,330000,25543,0,25639,300000,25538,0,25539,0,25540,1190400,25537,55,25538,0,25658,0,25541,33,
25257,81,25258,0,24028,0,25660,87,25666,178066,0,25667,330000,25668,0,25737,1190400,25649,0,25655,0,25662,300000,25645,18,25653,0,25741,0,25665,27,
25339,81,25339,0,24155,0,25741,87,25746,594242,289191,25748,330000,25748,0,25839,300000,25740,0,25740,0,25742,1497600,25739,40,25740,0,25845,0,25746,42,
25467,81,25467,0,24235,0,25846,87,25849,194162,0,25851,330000,25852,0,25941,300000,25843,0,25845,0,25847,652800,25843,20,25844,0,25957,0,25849,20,
25541,81,25542,0,24344,0,25959,87,25968,176474,0,25973,330000,25974,0,26041,1497600,25948,0,25956,0,25961,300000,25946,41,25954,0,26044,0,25967,54,
25666,81,25666,0,24444,0,26045,87,26046,635855,330804,26047,330000,26048,0,26141,1497600,26043,0,26044,0,26045,1497600,26043,44,26044,0,26145,0,26046,28,
25746,81,25746,0,24532,0,26146,87,26148,249219,0,26150,330000,26150,0,26243,300000,26144,0,26144,0,26146,1497600,26143,0,26144,0,26252,0,26148,11,
25850,81,25850,0,24682,0,26253,87,26259,177716,0,26261,330000,26262,0,26343,1190400,26249,0,26251,0,26254,300000,26248,36,26250,0,26346,0,26258,20,
25968,81,25969,0,24734,0,26346,87,26348,446861,141810,26349,330000,26350,0,26443,1497600,26345,0,26346,0,26347,1190400,26344,22,26345,0,26446,0,26348,50,
26047,81,26047,0,24863,0,26446,87,26447,331617,26566,26448,330000,26448,0,26544,1497600,26445,0,26446,0,26446,1497600,26445,10,26445,0,26549,0,26447,14,
26149,81,26149,0,24935,0,26549,87,26552,705576,400525,26553,330000,26554,0,26644,1497600,26546,0,26547,0,26550,1497600,26545,41,26547,0,26647,0,26552,42,
26259,81,26259,0,25039,0,26648,87,26649,578810,273759,26650,330000,26651,0,26746,300000,26646,0,26646,0,26648,1497600,26646,33,26646,0,26761,0,26649,30,
26348,81,26348,0,25136,0,26766,87,26777,178002,0,26783,330000,26783,0,26846,1190400,26755,0,26759,0,26768,300000,26753,12,26757,0,26855,0,26774,35,
26448,81,26448,0,25258,0,26856,87,26862,438161,133110,26862,330000,26863,0,26948,300000,26852,0,26854,0,26857,300000,26850,70,26853,0,26960,0,26861,40,
26521,81,26520,0,25339,0,26961,87,26968,178066,0,26973,330000,26974,0,27048,1190400,26956,0,26959,0,26963,300000,26955,0,26957,0,27052,0,26968,45,
26552,81,26552,0,25468,0,27052,87,27054,517416,212365,27056,330000,27057,0,27150,652800,27051,0,27051,0,27053,1190400,27050,66,27051,0,27163,0,27054,25,
26650,81,26650,0,25542,0,27164,87,27171,195469,0,27173,330000,27174,0,27250,1190400,27157,0,27160,0,27166,300000,27156,22,27159,0,27259,0,27170,27,
26778,81,26779,0,25667,0,27259,87,27261,450575,145524,27262,330000,27263,0,27351,652800,27255,0,27258,0,27259,1190400,27254,33,27256,0,27362,0,27261,40,
26862,81,26862,0,25746,0,27363,87,27368,206977,0,27371,330000,27373,0,27453,300000,27358,0,27360,0,27364,300000,27357,38,27359,0,27465,0,27368,50,
26968,81,26971,0,25850,0,27468,87,27474,176188,0,27476,330000,27477,0,27553,1190400,27460,0,27463,0,27470,300000,27459,50,27462,0,27556,0,27474,54,
27054,81,27054,0,25969,0,27557,87,27559,406014,100963,27561,330000,27561,0,27654,652800,27555,0,27556,0,27557,1190400,27555,45,27556,0,27662,0,27559,16,
27172,81,27173,0,26047,0,27664,87,27670,200154,0,27673,330000,27674,0,27755,1497600,27658,0,27660,0,27665,652800,27657,0,27659,0,27758,0,27670,27,
27261,81,27261,0,26149,0,27758,87,27760,597029,291978,27761,330000,27761,0,27856,652800,27757,0,27757,0,27758,300000,27756,66,27757,0,27861,0,27759,25,
27369,81,27369,0,26260,0,27863,87,27872,207804,0,27874,330000,27875,0,27956,1497600,27859,0,27861,0,27864,652800,27859,27,27860,0,27959,0,27871,10,
27475,81,27475,0,26349,0,27959,87,27962,813328,508277,27963,330000,27964,0,28057,1497600,27958,0,27959,0,27960,1497600,27957,70,27958,0,28059,0,27962,30,
27560,81,27560,0,26448,0,28059,87,28061,255557,0,28062,330000,28062,0,28158,883200,28058,0,28059,0,28060,1497600,28058,12,28059,0,28163,0,28061,0,
27671,81,27671,0,26553,0,28163,87,28165,301780,0,28166,330000,28167,0,28258,1190400,28161,0,28162,0,28164,883200,28160,33,28161,0,28263,0,28165,36,
27760,81,27760,0,26650,0,28264,87,28273,312224,7173,28276,330000,28278,0,28361,300000,28261,0,28261,0,28265,300000,28260,36,28261,0,28366,0,28270,30,
27872,81,27873,0,26780,0,28367,87,28371,289053,0,28373,330000,28374,0,28465,300000,28365,0,28365,0,28368,1190400,28364,58,28365,0,28487,0,28370,30,
27962,81,27962,0,26862,0,28489,87,28494,177843,0,28495,330000,28496,0,28567,1036800,28474,0,28480,0,28491,300000,28471,22,28475,0,28572,0,28494,30,
28061,81,28061,0,26972,0,28572,87,28575,386769,81718,28576,330000,28578,0,28668,1190400,28570,0,28571,0,28573,1036800,28569,50,28571,0,28675,0,28575,28,
28165,81,28165,0,27055,0,28676,87,28685,278899,0,28690,330000,28694,0,28769,1190400,28671,0,28672,0,28678,300000,28670,27,28671,0,28775,0,28684,27,
28274,81,28274,0,27173,0,28775,87,28779,547123,242072,28781,330000,28782,0,28873,300000,28773,0,28774,0,28776,1190400,28772,63,28773,0,28888,0,28778,36,
28371,81,28372,0,27262,0,28890,87,28894,177397,0,28896,330000,28896,0,28972,422400,28882,0,28887,0,28892,300000,28880,36,28885,0,28983,0,28894,30,
28494,81,28495,0,27369,0,28983,87,28987,193602,0,28989,330000,28989,0,29077,300000,28980,0,28983,0,28984,422400,28977,45,28981,0,29089,0,28986,54,
28575,81,28575,0,27475,0,29090,87,29097,369265,64214,29100,330000,29102,0,29175,729600,29085,0,29088,0,29092,1497600,29084,12,29086,0,29183,0,29096,30,
28686,81,28687,0,27560,0,29184,87,29191,250385,0,29193,330000,29194,0,29275,1497600,29180,0,29183,0,29185,729600,29180,45,29181,0,29278,0,29191,22,
28779,81,28779,0,27672,0,29279,87,29280,623179,318128,29281,330000,29281,0,29376,1497600,29277,0,29278,0,29279,1497600,29277,37,29278,0,29382,0,29280,33,
28894,81,28895,0,27760,0,29382,87,29385,705576,400525,29386,330000,29387,0,29477,1728000,29379,0,29380,0,29383,1497600,29379,38,29380,0,29480,0,29385,45,
28987,81,28988,0,27873,0,29480,87,29481,731106,426055,29483,330000,29484,0,29578,300000,29479,0,29480,0,29480,1728000,29478,33,29479,0,29592,0,29481,30,
29098,81,29098,0,27963,0,29593,87,29599,319906,14855,29602,330000,29602,0,29678,1497600,29585,0,29588,0,29594,1190400,29584,22,29587,0,29683,0,29599,38,
29191,81,29192,0,28061,0,29684,87,29690,576763,271712,29693,330000,29695,0,29780,300000,29681,0,29682,0,29685,1190400,29680,41,29681,0,29794,0,29689,37,
29280,81,29280,0,28166,0,29795,87,29803,181625,0,29807,330000,29809,0,29880,1190400,29788,0,29792,0,29797,422400,29787,54,29791,0,29884,0,29803,27,
29385,81,29385,0,28275,0,29885,87,29887,454288,149237,29888,330000,29888,0,29981,1190400,29883,0,29884,0,29885,1190400,29883,37,29884,0,29984,0,29887,37,
29482,81,29483,0,28372,0,29985,87,29987,328033,22982,29987,330000,29988,0,30081,1497600,29983,0,29984,0,29985,1190400,29983,20,29984,0,30086,0,29987,20,
29599,81,29600,0,28495,0,30086,87,30088,578810,273759,30089,330000,30090,0,30184,300000,30084,0,30085,0,30086,1497600,30084,30,30085,0,30207,0,30088,33,
29690,81,29691,0,28576,0,30218,87,30228,330887,25836,30229,330000,30230,0,30284,1036800,30198,0,30205,0,30225,1190400,30194,27,30200,0,30291,0,30228,41,
29804,81,29805,0,28687,0,30292,87,30296,338324,33273,30298,330000,30299,0,30386,300000,30289,0,30290,0,30293,422400,30288,58,30290,0,30403,0,30295,33,
29887,81,29887,0,28780,0,30404,87,30408,260842,0,30410,330000,30411,0,30485,1190400,30398,0,30403,0,30405,1190400,30396,11,30400,0,30490,0,30407,22,
29987,81,29987,0,28895,0,30491,87,30494,532269,227218,30495,330000,30496,0,30585,1190400,30489,0,30490,0,30492,1190400,30488,42,30489,0,30589,0,30494,53,
30088,81,30088,0,28988,0,30589,87,30591,346600,41549,30592,330000,30593,0,30686,422400,30588,0,30588,0,30590,1190400,30587,20,30588,0,30697,0,30591,25,
30229,81,30229,0,29099,0,30698,87,30706,191180,0,30710,330000,30714,0,30788,422400,30693,0,30696,0,30699,422400,30692,36,30694,0,30801,0,30705,46,
30296,81,30296,0,29192,0,30803,87,30811,194742,0,30817,330000,30820,0,30888,1497600,30795,0,30799,0,30805,422400,30793,62,30798,0,30891,0,30811,45,
30408,81,30408,0,29280,0,30891,87,30893,406085,101034,30895,330000,30895,0,30991,300000,30890,0,30890,0,30892,300000,30889,36,30890,0,31011,0,30893,50,
30494,81,30494,0,29386,0,31015,87,31025,176983,0,31026,330000,31028,0,31091,1497600,31002,0,31008,0,31017,300000,31000,41,31005,0,31094,0,31024,38,
30591,81,30591,0,29483,0,31095,87,31097,756283,451232,31098,330000,31098,0,31193,300000,31093,0,31094,0,31095,1497600,31093,63,31094,0,31231,0,31096,28,
30707,81,30707,0,29601,0,31231,87,31237,271377,0,31240,330000,31242,0,31292,1497600,31219,0,31226,0,31232,1190400,31206,30,31221,0,31296,0,31235,25,
30813,81,30814,0,29691,0,31296,87,31298,959109,654058,31300,330000,31300,0,31393,300000,31295,0,31296,0,31297,1497600,31294,66,31296,0,31396,0,31298,57,
30894,81,30894,0,29805,0,31396,87,31398,294887,0,31398,330000,31399,0,31497,300000,31395,0,31395,0,31396,1267200,31394,27,31395,0,31518,0,31397,27,
31025,81,31025,0,29887,0,31522,87,31525,375352,70301,31526,330000,31527,0,31595,1190400,31511,0,31515,0,31523,1190400,31509,30,31513,0,31598,0,31525,53,
31097,81,31097,0,29987,0,31599,87,31601,521129,216078,31603,330000,31604,0,31698,300000,31597,0,31598,0,31600,1190400,31597,50,31598,0,31712,0,31601,42,
31237,81,31238,0,30089,0,31714,87,31722,178066,0,31724,330000,31724,0,31797,1497600,31706,0,31710,0,31716,300000,31705,30,31708,0,31799,0,31721,15,
31298,81,31299,0,30229,0,31800,87,31801,623179,318128,31802,330000,31802,0,31899,300000,31798,0,31799,0,31800,1497600,31798,45,31799,0,31920,0,31801,25,
31398,81,31398,0,30296,0,31925,87,31934,177238,0,31939,330000,31942,0,31999,1190400,31913,0,31918,0,31927,300000,31911,36,31915,0,32003,0,31933,35,
31525,81,31526,0,30409,0,32004,87,32006,587970,282919,32007,330000,32008,0,32102,300000,32002,0,32003,0,32004,1190400,32001,44,32003,0,32112,0,32006,66,
31602,81,31602,0,30494,0,32115,87,32120,178066,0,32123,330000,32123,0,32202,1190400,32108,0,32110,0,32116,1497600,32107,45,32109,0,32205,0,32120,0,
31723,81,31723,0,30592,0,32205,87,32207,391160,86109,32208,330000,32209,0,32304,300000,32204,0,32205,0,32206,1190400,32204,37,32204,0,32321,0,32207,20,
31801,81,31801,0,30709,0,32322,87,32326,253415,0,32328,330000,32329,0,32403,1190400,32314,0,32318,0,32323,1190400,32312,11,32315,0,32407,0,32326,20,
31935,81,31936,0,30815,0,32407,87,32409,428294,123243,32410,330000,32410,0,32505,1497600,32406,0,32406,0,32407,1190400,32405,30,32406,0,32521,0,32409,37,
32006,81,32006,0,30894,0,32521,87,32523,254411,0,32523,330000,32524,0,32605,1497600,32520,0,32520,0,32521,300000,32514,12,32520,0,32608,0,32523,36,
32121,81,32122,0,31026,0,32608,87,32609,433030,127979,32610,330000,32611,0,32706,1497600,32607,0,32607,0,32608,1497600,32607,40,32607,0,32713,0,32609,0,
32207,81,32208,0,31097,0,32714,87,32716,306264,1213,32718,330000,32718,0,32807,1497600,32712,0,32713,0,32714,1497600,32711,20,32713,0,32810,0,32716,0,
32326,81,32327,0,31238,0,32811,87,32813,326446,21395,32814,330000,32814,0,32909,300000,32809,0,32810,0,32811,883200,32809,12,32810,0,32930,0,32813,40,
32409,81,32409,0,31299,0,32931,87,32938,177970,0,32941,330000,32944,0,33009,729600,32925,0,32928,0,32932,300000,32923,18,32927,0,33014,0,32938,30,
32517,81,32517,0,31398,0,33015,87,33019,363616,58565,33020,330000,33021,0,33111,300000,33013,0,33014,0,33016,960000,33012,60,33013,0,33123,0,33018,55,
32523,81,32523,0,31526,0,33124,87,33131,178448,0,33134,330000,33136,0,33163,300000,33119,0,33122,0,33126,300000,33118,22,33120,0,33177,0,33130,11,
32610,81,32610,0,31602,0,33180,87,33184,176856,0,33185,330000,33186,0,33261,1497600,33170,0,33176,0,33182,300000,33169,50,33174,0,33264,0,33184,33,
32717,81,32717,0,31723,0,33264,87,33267,762621,457570,33268,330000,33268,0,33364,300000,33263,0,33264,0,33265,1497600,33263,50,33264,0,33373,0,33267,42,
32813,81,32813,0,31801,0,33374,87,33376,369296,64245,33376,330000,33377,0,33463,1497600,33370,0,33372,0,33374,1497600,33369,11,33371,0,33465,0,33376,30,
32939,81,32939,0,31937,0,33465,87,33467,477398,172347,33467,330000,33468,0,33572,300000,33464,0,33465,0,33466,1497600,33464,20,33465,0,33588,0,33467,27,
33019,81,33019,0,32006,0,33590,87,33597,238116,0,33602,330000,33604,0,33665,1497600,33584,0,33587,0,33592,1190400,33580,25,33585,0,33668,0,33597,16,
33131,81,33132,0,32122,0,33668,87,33669,597825,292774,33670,330000,33670,0,33767,300000,33667,0,33667,0,33668,1497600,33666,50,33667,0,33788,0,33669,16,
33184,81,33184,0,32208,0,33789,87,33794,178384,0,33795,330000,33796,0,33867,1190400,33781,0,33785,0,33792,300000,33778,10,33783,0,33870,0,33794,25,
33267,81,33267,0,32327,0,33870,87,33876,452588,147537,33878,330000,33878,0,33969,300000,33869,0,33870,0,33871,729600,33869,63,33869,0,33985,0,33876,37,
33376,81,33376,0,32409,0,33987,87,33993,177620,0,33995,330000,33995,0,34069,1497600,33980,0,33983,0,33989,300000,33976,36,33982,0,34072,0,33993,23,
33467,81,33467,0,32523,0,34073,87,34074,559796,254745,34075,330000,34075,0,34171,300000,34071,0,34071,0,34073,1497600,34071,60,34071,0,34178,0,34074,0,
33598,81,33599,0,32610,0,34183,87,34188,192377,0,34192,330000,34193,0,34271,1190400,34175,0,34177,0,34184,652800,34174,28,34176,0,34275,0,34188,18,
33669,81,33669,0,32717,0,34275,87,34277,506275,201224,34278,330000,34278,0,34374,300000,34274,0,34274,0,34275,1190400,34273,55,34274,0,34392,0,34277,33,
33794,81,33794,0,32813,0,34393,87,34398,181775,0,34400,330000,34402,0,34475,1190400,34387,0,34390,0,34394,422400,34385,9,34389,0,34478,0,34398,18,
33876,81,33876,0,32939,0,34479,87,34482,528556,223505,34483,330000,34483,0,34576,300000,34477,0,34478,0,34479,1190400,34477,66,34478,0,34579,0,34482,28,
33993,81,33994,0,33020,0,34579,87,34581,292632,0,34581,330000,34585,0,34677,1190400,34578,0,34579,0,34579,1497600,34578,30,34578,0,34681,0,34580,18,
34074,81,34074,0,33132,0,34681,87,34684,365167,60116,34685,330000,34685,0,34780,300000,34680,0,34680,0,34682,1190400,34679,40,34680,0,34797,0,34684,10,
34189,81,34190,0,33184,0,34798,87,34803,178543,0,34805,330000,34806,0,34880,1497600,34790,0,34796,0,34799,300000,34787,20,34795,0,34894,0,34803,10,
34277,81,34277,0,33267,0,34895,87,34902,457109,152058,34904,330000,34904,0,34982,1190400,34887,0,34890,0,34897,300000,34886,44,34889,0,34992,0,34901,40,
34399,81,34399,0,33376,0,34993,87,34999,312320,7269,35001,330000,35003,0,35083,652800,34988,0,34990,0,34995,300000,34987,36,34989,0,35095,0,34999,27,
34482,81,34482,0,33467,0,35097,87,35104,195023,0,35108,330000,35110,0,35182,1190400,35091,0,35094,0,35099,300000,35089,22,35092,0,35188,0,35103,41,
34581,81,34581,0,33600,0,35188,87,35192,409727,104676,35194,330000,35195,0,35286,300000,35186,0,35187,0,35189,1190400,35185,22,35187,0,35300,0,35192,40,
34684,81,34684,0,33669,0,35301,87,35308,201748,0,35313,330000,35315,0,35385,1190400,35295,0,35298,0,35303,652800,35293,22,35296,0,35392,0,35308,30,
34804,81,34804,0,33795,0,35392,87,35395,450575,145524,35398,330000,35399,0,35485,300000,35389,0,35391,0,35393,1190400,35388,36,35390,0,35494,0,35395,37,
34903,81,34903,0,33877,0,35494,87,35499,245288,0,35501,330000,35503,0,35585,300000,35490,0,35493,0,35495,1190400,35489,33,35492,0,35590,0,35499,18,
34999,81,35000,0,33994,0,35590,87,35593,252715,0,35595,330000,35595,0,35686,422400,35588,0,35590,0,35591,1190400,35587,33,35589,0,35689,0,35593,20,
35105,81,35106,0,34074,0,35689,87,35691,256342,0,35691,330000,35693,0,35787,1190400,35688,0,35689,0,35690,1497600,35688,50,35689,0,35792,0,35691,11,
35193,81,35193,0,34190,0,35792,87,35794,439434,134383,35795,330000,35796,0,35887,1497600,35789,0,35791,0,35792,1190400,35789,45,35791,0,35890,0,35794,25,
35309,81,35310,0,34277,0,35890,87,35892,445706,140655,35893,330000,35893,0,35990,300000,35889,0,35890,0,35891,1497600,35889,30,35890,0,36007,0,35892,12,
35396,81,35396,0,34399,0,36009,87,36018,177811,0,36023,330000,36023,0,36089,1190400,35998,0,36002,0,36011,300000,35997,11,36000,0,36095,0,36016,42,
35500,81,35500,0,34482,0,36096,87,36099,428536,123485,36101,330000,36102,0,36192,300000,36093,0,36094,0,36096,652800,36092,58,36094,0,36203,0,36098,44,
35594,81,35594,0,34581,0,36204,87,36214,178066,0,36217,330000,36219,0,36291,1497600,36199,0,36202,0,36206,300000,36198,18,36201,0,36295,0,36214,27,
35691,81,35691,0,34684,0,36296,87,36298,876711,571660,36299,330000,36299,0,36395,300000,36294,0,36295,0,36296,1497600,36293,77,36294,0,36407,0,36297,33,
35794,81,35794,0,34805,0,36408,87,36417,177429,0,36420,330000,36422,0,36496,300000,36403,0,36405,0,36409,300000,36401,27,36404,0,36510,0,36416,38,
35892,81,35892,0,34903,0,36514,87,36523,176060,0,36525,330000,36526,0,36597,1497600,36503,0,36507,0,36516,300000,36501,45,36506,0,36607,0,36523,63,
36019,81,36020,0,35000,0,36608,87,36612,521659,216608,36616,330000,36618,0,36698,1190400,36604,0,36606,0,36609,652800,36603,50,36605,0,36710,0,36612,33,
36099,81,36100,0,35106,0,36712,87,36719,290039,0,36722,330000,36723,0,36801,300000,36706,0,36708,0,36713,300000,36704,30,36707,0,36809,0,36719,27,
36215,81,36215,0,35193,0,36810,87,36815,304831,0,36818,330000,36820,0,36899,652800,36807,0,36809,0,36811,1497600,36806,45,36808,0,36908,0,36815,20,
36298,81,36298,0,35311,0,36909,87,36916,220045,0,36918,330000,36921,0,37000,1190400,36904,0,36906,0,36911,652800,36903,42,36906,0,37005,0,36916,11,
36417,81,36418,0,35397,0,37005,87,37007,465428,160377,37009,330000,37009,0,37104,300000,37003,0,37004,0,37006,1190400,37002,55,37004,0,37118,0,37007,22,
36524,81,36524,0,35500,0,37122,87,37129,178066,0,37131,330000,37134,0,37203,1497600,37112,0,37116,0,37123,300000,37110,20,37114,0,37205,0,37129,25,
36613,81,36613,0,35594,0,37206,87,37207,667547,362496,37208,330000,37208,0,37305,300000,37204,0,37205,0,37206,1497600,37204,44,37205,0,37316,0,37207,33,
36720,81,36720,0,35691,0,37318,87,37327,178066,0,37332,330000,37334,0,37405,1190400,37312,0,37315,0,37321,300000,37311,27,37314,0,37408,0,37327,18,
36816,81,36816,0,35795,0,37408,87,37410,502562,197511,37411,330000,37412,0,37508,300000,37407,0,37408,0,37409,1190400,37407,50,37407,0,37532,0,37410,37,
36917,81,36917,0,35892,0,37534,87,37544,177970,0,37548,330000,37551,0,37607,1190400,37520,0,37526,0,37538,300000,37518,25,37523,0,37612,0,37544,23,
37008,81,37008,0,36021,0,37612,87,37615,558263,253212,37617,330000,37617,0,37709,1497600,37610,0,37611,0,37613,1190400,37610,62,37611,0,37719,0,37615,40,
37129,81,37130,0,36100,0,37720,87,37728,387866,82815,37733,330000,37734,0,37810,1190400,37715,0,37717,0,37721,300000,37714,33,37716,0,37818,0,37727,25,
37207,81,37207,0,36216,0,37819,87,37824,311906,6855,37826,330000,37828,0,37913,1190400,37815,0,37817,0,37820,300000,37814,36,37816,0,37920,0,37823,40,
37328,81,37329,0,36298,0,37921,87,37923,302039,0,37925,330000,37926,0,38013,300000,37919,0,37920,0,37921,1190400,37917,22,37919,0,38024,0,37923,11,
37410,81,37411,0,36418,0,38025,87,38036,177047,0,38042,330000,38045,0,38112,1497600,38020,0,38023,0,38027,300000,38019,41,38022,0,38114,0,38035,36,
37545,81,37546,0,36524,0,38115,87,38116,984462,679411,38117,330000,38117,0,38213,300000,38114,0,38114,0,38115,1497600,38113,50,38114,0,38215,0,38116,77,
37615,81,37616,0,36615,0,38216,87,38217,179180,0,38218,330000,38219,0,38315,1497600,38214,0,38215,0,38216,1497600,38214,10,38215,0,38323,0,38217,0,
37729,81,37730,0,36720,0,38325,87,38332,413442,108391,38336,330000,38338,0,38417,1190400,38320,0,38321,0,38327,300000,38319,37,38321,0,38434,0,38331,18,
37824,81,37825,0,36816,0,38436,87,38444,300734,0,38445,330000,38446,0,38516,1497600,38427,0,38432,0,38438,300000,38424,33,38429,0,38520,0,38443,41,
37924,81,37924,0,36917,0,38520,87,38522,667547,362496,38523,330000,38524,0,38617,1036800,38518,0,38520,0,38521,1497600,38518,40,38519,0,38623,0,38522,37,
38038,81,38038,0,37008,0,38623,87,38626,341595,36544,38628,330000,38629,0,38718,652800,38620,0,38622,0,38624,1036800,38619,11,38621,0,38726,0,38626,50,
38116,81,38116,0,37130,0,38727,87,38734,187978,0,38737,330000,38739,0,38820,300000,38721,0,38725,0,38729,300000,38721,12,38723,0,38840,0,38734,22,
38218,81,38218,0,37207,0,38843,87,38854,176347,0,38855,330000,38856,0,38920,300000,38832,0,38837,0,38847,300000,38830,53,38834,0,38926,0,38854,46,
38332,81,38333,0,37330,0,38927,87,38932,243064,0,38935,330000,38936,0,39023,300000,38924,0,38926,0,38928,883200,38923,63,38925,0,39036,0,38931,37,
38444,81,38444,0,37411,0,39038,87,39043,177015,0,39045,330000,39045,0,39125,300000,39031,0,39034,0,39040,300000,39029,45,39033,0,39140,0,39043,33,
38519,81,38519,0,37546,0,39142,87,39152,177302,0,39157,330000,39160,0,39224,1190400,39134,0,39138,0,39144,300000,39131,36,39136,0,39227,0,39151,33,
38523,81,38523,0,37616,0,39227,87,39229,584256,279205,39230,330000,39230,0,39326,300000,39226,0,39226,0,39227,1190400,39225,55,39226,0,39341,0,39229,54,
38627,81,38627,0,37731,0,39344,87,39354,178925,0,39357,330000,39358,0,39425,1190400,39336,0,39340,0,39345,300000,39334,0,39338,0,39429,0,39354,18,
38735,81,38735,0,37825,0,39430,87,39432,550836,245785,39434,330000,39434,0,39526,1267200,39428,0,39429,0,39430,1190400,39428,50,39429,0,39529,0,39432,50,
38855,81,38855,0,37924,0,39530,87,39531,364635,59584,39533,330000,39534,0,39627,1190400,39528,0,39529,0,39530,1267200,39528,33,39529,0,39630,0,39531,10,
38933,81,38933,0,38039,0,39630,87,39643,424581,119530,39657,330000,39663,0,39727,1728000,39629,0,39630,0,39631,1190400,39628,54,39629,0,39731,0,39642,12,
39044,81,39044,0,38116,0,39731,87,39732,2161383,1856332,39733,330000,39734,0,39828,1497600,39729,1190400,39730,1574400,39731,2265600,39728,63,39729,0,39832,33,39732,90,
39154,81,39155,0,38218,0,39832,87,39834,685274,380223,39834,330000,39835,0,39931,300000,39829,300000,39831,300000,39833,729600,39829,75,39830,9,39954,53,39834,30,
39229,81,39229,0,38334,0,39955,87,39961,517845,212794,39962,330000,39962,0,40029,1190400,39939,300000,39947,1497600,39955,422400,39937,27,39946,0,40033,0,39960,23,
39355,81,39355,0,38444,0,40033,87,40035,435721,130670,40036,330000,40036,0,40130,1190400,40032,0,40032,0,40034,1190400,40031,44,40032,0,40134,0,40035,25,
39433,81,39433,0,38523,0,40134,87,40136,257479,0,40137,330000,40138,0,40231,1497600,40133,0,40133,0,40135,1190400,40132,10,40133,0,40246,0,40136,11,
39532,81,39532,0,38627,0,40247,87,40252,654870,349819,40253,330000,40253,0,40333,1190400,40242,0,40245,0,40248,1497600,40241,60,40244,0,40337,0,40252,15,
39643,81,39648,0,38735,0,40338,87,40340,420868,115817,40342,330000,40343,0,40436,422400,40335,0,40337,0,40338,1190400,40335,45,40336,0,40446,0,40340,20,
39732,81,39732,0,38855,0,40447,87,40453,182550,0,40456,330000,40458,0,40534,1190400,40442,0,40445,0,40448,300000,40440,25,40443,0,40539,0,40452,16,
39834,81,39834,0,38934,0,40539,87,40543,383734,78683,40544,330000,40546,0,40635,1497600,40537,0,40538,0,40540,1190400,40536,55,40537,0,40637,0,40542,0,
39961,81,39961,0,39044,0,40638,87,40639,331617,26566,40640,330000,40640,0,40737,300000,40637,0,40637,0,40638,1497600,40636,14,40637,0,40749,0,40639,10,
40035,81,40035,0,39155,0,40751,87,40759,177588,0,40763,330000,40764,0,40837,729600,40745,0,40748,0,40752,300000,40743,22,40746,0,40843,0,40758,38,
40136,81,40136,0,39229,0,40843,87,40846,251443,0,40848,330000,40849,0,40940,300000,40840,0,40842,0,40844,729600,40840,40,40841,0,40961,0,40846,28,
40252,81,40252,0,39355,0,40963,87,40973,178225,0,40978,330000,40981,0,41039,1497600,40955,0,40959,0,40966,300000,40953,22,40957,0,41042,0,40972,18,
40340,81,40341,0,39433,0,41042,87,41043,876711,571660,41044,330000,41045,0,41142,300000,41041,0,41041,0,41042,1497600,41040,66,41041,0,41156,0,41043,44,
40454,81,40454,0,39532,0,41158,87,41164,178130,0,41165,330000,41166,0,41241,1497600,41150,0,41154,0,41160,300000,41148,18,41152,0,41244,0,41164,25,
40543,81,40543,0,39653,0,41244,87,41246,711915,406864,41246,330000,41247,0,41345,300000,41243,0,41244,0,41244,1497600,41243,54,41243,0,41360,0,41245,30,
40639,81,40639,0,39733,0,41365,87,41374,272332,0,41379,330000,41382,0,41443,1497600,41354,0,41358,0,41366,1190400,41352,0,41356,0,41446,0,41374,25,
40760,81,40761,0,39834,0,41446,87,41448,730930,425879,41448,330000,41449,0,41546,300000,41445,0,41446,0,41447,1497600,41445,62,41446,0,41554,0,41448,25,
40846,81,40847,0,39961,0,41555,87,41557,179148,0,41558,330000,41559,0,41646,1036800,41552,0,41554,0,41555,300000,41551,11,41553,0,41649,0,41557,0,
40974,81,40975,0,40035,0,41650,87,41652,423186,118135,41652,330000,41653,0,41749,300000,41648,0,41649,0,41650,1497600,41648,44,41649,0,41768,0,41651,20,
41044,81,41044,0,40137,0,41771,87,41775,177684,0,41777,330000,41778,0,41848,1497600,41758,0,41763,0,41773,300000,41757,27,41762,0,41851,0,41775,30,
41165,81,41165,0,40252,0,41851,87,41853,642386,337335,41854,330000,41854,0,41951,300000,41850,0,41851,0,41851,1190400,41850,66,41850,0,41971,0,41853,12,
41246,81,41246,0,40341,0,41973,87,41980,182486,0,41983,330000,41984,0,42051,1497600,41961,0,41966,0,41974,422400,41960,18,41965,0,42059,0,41979,25,
41375,81,41376,0,40455,0,42060,87,42065,558745,253694,42068,330000,42070,0,42155,300000,42056,0,42058,0,42061,300000,42055,60,42057,0,42166,0,42065,33,
41448,81,41448,0,40543,0,42167,87,42177,182912,0,42181,330000,42182,0,42252,1497600,42161,0,42165,0,42171,422400,42160,27,42163,0,42255,0,42177,30,
41558,81,41558,0,40639,0,42255,87,42257,813328,508277,42258,330000,42258,0,42355,300000,42254,0,42255,0,42256,1497600,42254,75,42255,0,42367,0,42257,25,
41652,81,41652,0,40762,0,42369,87,42374,178639,0,42376,330000,42378,0,42454,1190400,42361,0,42365,0,42371,300000,42360,9,42363,0,42457,0,42374,18,
41776,81,41776,0,40847,0,42458,87,42460,469142,164091,42460,330000,42461,0,42559,300000,42456,0,42457,0,42458,1190400,42456,50,42457,0,42576,0,42460,28,
41853,81,41853,0,40976,0,42577,87,42581,212600,0,42583,330000,42584,0,42657,1497600,42569,0,42574,0,42577,1190400,42568,10,42574,0,42661,0,42580,9,
41980,81,41981,0,41044,0,42661,87,42663,667547,362496,42664,330000,42665,0,42710,300000,42660,0,42660,0,42662,1497600,42659,55,42660,0,42724,0,42663,22,
42066,81,42066,0,41165,0,42726,87,42733,178448,0,42734,330000,42735,0,42809,1497600,42718,0,42722,0,42728,300000,42717,33,42720,0,42813,0,42732,0,
42177,81,42178,0,41246,0,42813,87,42815,781636,476585,42816,330000,42817,0,42911,422400,42812,0,42812,0,42814,1497600,42811,55,42812,0,42916,0,42815,40,
42257,81,42257,0,41377,0,42916,87,42917,184484,0,42918,330000,42918,0,43012,1190400,42915,0,42915,0,42916,1497600,42914,35,42915,0,43024,0,42917,0,
42375,81,42375,0,41448,0,43025,87,43032,327460,22409,43038,330000,43041,0,43112,1497600,43019,0,43022,0,43027,300000,43017,40,43020,0,43115,0,43031,18,
42460,81,42460,0,41558,0,43115,87,43117,623179,318128,43117,330000,43118,0,43212,1497600,43114,0,43115,0,43115,1497600,43114,30,43114,0,43215,0,43116,40,
42581,81,42582,0,41652,0,43216,87,43218,445706,140655,43219,330000,43220,0,43314,422400,43214,0,43215,0,43216,1497600,43213,22,43215,0,43323,0,43218,20,
42663,81,42663,0,41776,0,43324,87,43329,184199,0,43331,330000,43333,0,43415,1190400,43320,0,43322,0,43325,422400,43319,0,43321,0,43419,0,43329,33,
42733,81,42733,0,41853,0,43420,87,43423,380020,74969,43424,330000,43424,0,43517,300000,43418,0,43419,0,43420,1190400,43417,0,43418,0,43534,0,43422,54,
42816,81,42816,0,41981,0,43534,87,43537,301721,0,43539,330000,43540,0,43617,1190400,43528,0,43533,0,43535,1190400,43526,10,43531,0,43622,0,43537,33,
42917,81,42917,0,42067,0,43623,87,43627,517416,212365,43629,330000,43630,0,43719,300000,43620,0,43621,0,43624,1190400,43619,54,43620,0,43731,0,43626,37,
43033,81,43034,0,42178,0,43732,87,43738,183417,0,43742,330000,43743,0,43819,1190400,43727,0,43730,0,43734,422400,43726,38,43729,0,43823,0,43737,36,
43117,81,43117,0,42257,0,43825,87,43827,376307,71256,43828,330000,43829,0,43920,300000,43822,0,43823,0,43825,1190400,43821,20,43822,0,43928,0,43827,33,
43218,81,43218,0,42376,0,43930,87,43937,178066,0,43940,330000,43942,0,44022,300000,43923,0,43927,0,43931,300000,43922,25,43925,0,44036,0,43936,20,
43329,81,43330,0,42460,0,44038,87,44050,176761,0,44052,330000,44055,0,44123,422400,44031,0,44035,0,44040,300000,44030,41,44033,0,44133,0,44048,45,
43423,81,43423,0,42582,0,44134,87,44136,195882,0,44138,330000,44139,0,44224,300000,44130,0,44132,0,44134,422400,44128,60,44131,0,44234,0,44136,55,
43538,81,43538,0,42664,0,44235,87,44239,187723,0,44240,330000,44242,0,44324,1190400,44230,0,44234,0,44236,652800,44229,30,44231,0,44328,0,44239,12,
43627,81,43628,0,42734,0,44329,87,44332,402301,97250,44334,330000,44335,0,44427,300000,44327,0,44328,0,44329,1190400,44326,20,44327,0,44443,0,44332,40,
43739,81,43740,0,42816,0,44444,87,44454,178384,0,44457,330000,44459,0,44527,300000,44437,0,44441,0,44446,300000,44436,10,44439,0,44539,0,44453,25,
43827,81,43827,0,42918,0,44539,87,44543,463040,157989,44545,330000,44546,0,44628,300000,44537,0,44538,0,44541,1190400,44536,75,44538,0,44635,0,44543,77,
43937,81,43938,0,43035,0,44636,87,44638,456950,151899,44638,330000,44639,0,44728,1497600,44634,0,44634,0,44636,1497600,44634,45,44634,0,44732,0,44637,44,
44050,81,44051,0,43117,0,44732,87,44734,623179,318128,44736,330000,44737,0,44830,300000,44730,0,44731,0,44733,1497600,44730,20,44731,0,44843,0,44734,50,
44137,81,44137,0,43218,0,44844,87,44851,177779,0,44855,330000,44857,0,44931,1190400,44839,0,44841,0,44846,300000,44838,27,44840,0,44934,0,44850,27,
44239,81,44239,0,43330,0,44935,87,44937,465428,160377,44938,330000,44940,0,45031,1497600,44933,0,44934,0,44935,1190400,44933,40,44934,0,45034,0,44937,37,
44333,81,44333,0,43423,0,45035,87,45036,382323,77272,45037,330000,45037,0,45132,1497600,45034,0,45034,0,45035,1497600,45033,20,45034,0,45135,0,45036,12,
44454,81,44455,0,43538,0,45136,87,45138,325278,20227,45138,330000,45139,0,45234,300000,45134,0,45135,0,45136,1497600,45134,11,45134,0,45246,0,45137,12,
44540,81,44539,0,43628,0,45250,87,45259,178607,0,45265,330000,45267,0,45334,1190400,45240,0,45244,0,45252,300000,45239,0,45242,0,45337,0,45258,28,
44543,81,44544,0,43740,0,45337,87,45341,587970,282919,45342,330000,45343,0,45434,1497600,45336,0,45337,0,45338,1190400,45336,50,45336,0,45437,0,45340,60,
44638,81,44638,0,43827,0,45437,87,45439,293587,0,45439,330000,45440,0,45538,300000,45436,0,45437,0,45438,729600,45436,18,45437,0,45549,0,45438,0,
44735,81,44735,0,43938,0,45551,87,45557,364785,59734,45560,330000,45561,0,45637,422400,45545,0,45548,0,45552,1190400,45543,12,45547,0,45645,0,45557,50,
44851,81,44852,0,44051,0,45646,87,45653,183059,0,45656,330000,45658,0,45740,300000,45642,0,45644,0,45647,960000,45641,25,45643,0,45754,0,45652,0,
44937,81,44937,0,44137,0,45755,87,45767,176952,0,45772,330000,45773,0,45839,1497600,45747,0,45752,0,45758,300000,45746,40,45749,0,45842,0,45766,40,
45036,81,45036,0,44239,0,45843,87,45844,794313,489262,45845,330000,45846,0,45941,300000,45841,0,45842,0,45843,1497600,45841,40,45842,0,45952,0,45844,57,
45138,81,45138,0,44333,0,45953,87,45960,178066,0,45965,330000,45967,0,46042,300000,45948,0,45951,0,45955,300000,45947,27,45950,0,46059,0,45959,18,
45260,81,45261,0,44455,0,46062,87,46072,184317,0,46076,330000,46079,0,46143,1190400,46052,0,46057,0,46068,422400,46050,50,46054,0,46153,0,46071,45,
45341,81,45341,0,44544,0,46154,87,46164,300861,0,46170,330000,46172,0,46244,1190400,46148,0,46151,0,46157,300000,46147,33,46150,0,46248,0,46163,37,
45439,81,45439,0,44638,0,46249,87,46251,394874,89823,46253,330000,46253,0,46345,300000,46246,0,46247,0,46249,1190400,46246,33,46247,0,46353,0,46251,25,
45558,81,45559,0,44735,0,46354,87,46355,292441,0,46356,330000,46356,0,46444,1497600,46351,0,46353,0,46354,1497600,46350,36,46353,0,46449,0,46355,18,
45653,81,45654,0,44852,0,46449,87,46452,441445,136394,46454,330000,46455,0,46547,300000,46447,0,46448,0,46450,652800,46447,40,46448,0,46560,0,46451,11,
45768,81,45769,0,44937,0,46563,87,46570,177811,0,46573,330000,46575,0,46648,300000,46555,0,46558,0,46564,300000,46553,20,46557,0,46663,0,46569,33,
45844,81,45845,0,45036,0,46666,87,46676,175933,0,46680,330000,46682,0,46749,1497600,46657,0,46661,0,46669,300000,46655,58,46659,0,46756,0,46675,54,
45960,81,45961,0,45138,0,46757,87,46762,336363,31312,46763,330000,46763,0,46849,300000,46754,0,46755,0,46758,300000,46753,25,46755,0,46854,0,46761,50,
46073,81,46074,0,45262,0,46855,87,46858,327173,22122,46860,330000,46861,0,46950,960000,46852,0,46853,0,46856,1190400,46851,27,46853,0,46954,0,46858,40,
46166,81,46167,0,45342,0,46955,87,46957,339616,34565,46958,330000,46958,0,47053,652800,46953,0,46954,0,46955,960000,46953,27,46953,0,47061,0,46957,46,
46251,81,46252,0,45439,0,47062,87,47067,201684,0,47074,330000,47076,0,47153,1497600,47058,0,47060,0,47063,652800,47056,11,47059,0,47155,0,47066,18,
46355,81,46355,0,45559,0,47155,87,47157,686562,381511,47157,330000,47158,0,47257,300000,47154,0,47155,0,47156,1497600,47154,36,47155,0,47266,0,47157,44,
46453,81,46453,0,45655,0,47266,87,47269,290549,0,47271,330000,47272,0,47357,300000,47264,0,47265,0,47267,1190400,47263,11,47265,0,47368,0,47269,30,
46570,81,46571,0,45770,0,47369,87,47376,231348,0,47378,330000,47380,0,47460,300000,47365,0,47367,0,47370,729600,47364,33,47366,0,47466,0,47374,50,
46676,81,46677,0,45845,0,47466,87,47468,260237,0,47469,330000,47470,0,47560,422400,47464,0,47465,0,47466,1190400,47464,30,47465,0,47567,0,47468,22,
46762,81,46762,0,45963,0,47568,87,47572,215940,0,47574,330000,47576,0,47661,300000,47565,0,47566,0,47569,729600,47564,33,47565,0,47678,0,47572,30,
46859,81,46859,0,46075,0,47682,87,47690,177939,0,47694,330000,47695,0,47761,1190400,47669,0,47675,0,47683,300000,47668,22,47672,0,47765,0,47689,27,
46957,81,46957,0,46168,0,47766,87,47769,673759,368708,47771,330000,47772,0,47864,300000,47763,0,47765,0,47767,1497600,47763,58,47764,0,47874,0,47769,44,
47067,81,47068,0,46252,0,47876,87,47885,178543,0,47890,330000,47892,0,47963,1190400,47870,0,47873,0,47878,300000,47869,20,47872,0,47966,0,47884,10,
47157,81,47157,0,46355,0,47967,87,47969,450575,145524,47969,330000,47970,0,48066,300000,47965,0,47966,0,47967,1190400,47965,18,47966,0,48075,0,47968,55,
47269,81,47270,0,46454,0,48075,87,48079,279441,0,48081,330000,48082,0,48165,1190400,48073,0,48074,0,48076,1190400,48072,10,48073,0,48169,0,48079,27,
47376,81,47376,0,46571,0,48169,87,48171,465428,160377,48171,330000,48173,0,48267,300000,48168,0,48168,0,48169,1190400,48167,40,48168,0,48285,0,48171,37,
47468,81,47469,0,46678,0,48286,87,48290,271536,0,48292,330000,48293,0,48367,1190400,48283,0,48285,0,48287,1190400,48281,25,48285,0,48372,0,48290,25,
47573,81,47573,0,46763,0,48373,87,48376,562358,257307,48377,330000,48378,0,48469,1267200,48370,0,48371,0,48374,1497600,48369,28,48370,0,48484,0,48375,44,
47690,81,47691,0,46859,0,48485,87,48494,264653,0,48497,330000,48498,0,48570,652800,48477,0,48482,0,48487,300000,48475,20,48479,0,48575,0,48494,30,
47770,81,47770,0,46957,0,48575,87,48578,358611,53560,48579,330000,48580,0,48672,300000,48574,0,48575,0,48576,1497600,48573,27,48574,0,48689,0,48578,25,
47886,81,47887,0,47069,0,48691,87,48696,290262,0,48698,330000,48699,0,48772,1497600,48681,0,48687,0,48693,1190400,48678,20,48685,0,48775,0,48696,30,
47969,81,47969,0,47157,0,48775,87,48776,730930,425879,48777,330000,48777,0,48874,300000,48774,0,48774,0,48775,1497600,48773,50,48774,0,48888,0,48776,37,
48079,81,48080,0,47270,0,48890,87,48897,253765,0,48898,330000,48899,0,48974,1190400,48881,0,48887,0,48893,1190400,48880,0,48884,0,48977,0,48896,20,
48171,81,48171,0,47377,0,48978,87,48979,465428,160377,48980,330000,48981,0,49077,300000,48976,0,48977,0,48978,1190400,48976,40,48977,0,49094,0,48979,37,
48291,81,48291,0,47469,0,49095,87,49109,178671,0,49113,330000,49115,0,49179,1497600,49088,0,49093,0,49101,300000,49086,0,49089,0,49183,0,49108,26,
48376,81,48376,0,47573,0,49183,87,49185,762621,457570,49186,330000,49186,0,49282,422400,49181,0,49182,0,49183,1497600,49181,55,49182,0,49296,0,49184,37,
48495,81,48495,0,47691,0,49297,87,49305,182230,0,49309,330000,49312,0,49382,300000,49290,0,49294,0,49299,300000,49289,27,49293,0,49385,0,49305,35,
48578,81,48578,0,47770,0,49385,87,49386,545518,240467,49387,330000,49387,0,49483,1190400,49384,0,49384,0,49385,1728000,49384,54,49384,0,49488,0,49386,42,
48696,81,48697,0,47888,0,49488,87,49491,328033,22982,49493,330000,49494,0,49584,1190400,49486,0,49487,0,49489,1190400,49485,10,49487,0,49587,0,49491,30,
48776,81,48776,0,47969,0,49587,87,49589,391160,86109,49590,330000,49590,0,49687,300000,49586,0,49587,0,49588,1190400,49586,27,49586,0,49703,0,49589,30,
48897,81,48897,0,48080,0,49704,87,49708,312829,7778,49710,330000,49711,0,49787,1190400,49699,0,49703,0,49705,1190400,49697,11,49702,0,49790,0,49707,36,
48980,81,48980,0,48171,0,49791,87,49793,361453,56402,49794,330000,49795,0,49891,300000,49789,0,49790,0,49791,1190400,49789,16,49790,0,49908,0,49793,33,
49110,81,49110,0,48292,0,49910,87,49913,271759,0,49914,330000,49916,0,49989,1190400,49900,0,49906,0,49911,1190400,49898,18,49902,0,49993,0,49913,25,
49185,81,49185,0,48376,0,49994,87,49997,424581,119530,49998,330000,49999,0,50093,300000,49992,0,49993,0,49994,1190400,49991,33,49992,0,50106,0,49996,33,
49306,81,49307,0,48495,0,50108,87,50117,178002,0,50120,330000,50123,0,50194,1190400,50101,0,50105,0,50110,300000,50099,11,50103,0,50199,0,50117,36,
49386,81,49386,0,48578,0,50199,87,50202,476568,171517,50204,330000,50205,0,50293,1190400,50197,0,50198,0,50200,1190400,50196,30,50197,0,50297,0,50202,50,
49492,81,49492,0,48697,0,50298,87,50299,260237,0,50300,330000,50301,0,50396,300000,50296,0,50297,0,50298,300000,50296,22,50296,0,50410,0,50299,30,
49589,81,49589,0,48777,0,50411,87,50427,178066,0,50433,330000,50435,0,50495,1190400,50405,0,50408,0,50415,300000,50403,12,50406,0,50501,0,50425,33,
49708,81,49708,0,48897,0,50502,87,50510,587970,282919,50512,330000,50514,0,50599,300000,50499,0,50500,0,50502,1190400,50498,55,50500,0,50623,0,50510,55,
49793,81,49793,0,48980,0,50625,87,50633,278485,0,50635,330000,50636,0,50697,1190400,50615,0,50621,0,50626,1190400,50612,40,50617,0,50701,0,50633,27,
49914,81,49914,0,49111,0,50701,87,50704,502562,197511,50706,330000,50706,0,50798,1497600,50699,0,50700,0,50701,1190400,50699,37,50700,0,50801,0,50704,50,
49997,81,49997,0,49185,0,50801,87,50802,305913,862,50803,330000,50804,0,50900,300000,50800,0,50800,0,50801,300000,50799,20,50800,0,50915,0,50802,11,
50118,81,50118,0,49308,0,50917,87,50925,271027,0,50928,330000,50929,0,51000,1497600,50909,0,50913,0,50918,1190400,50908,41,50911,0,51003,0,50925,25,
50203,81,50203,0,49386,0,51004,87,51005,578810,273759,51006,330000,51007,0,51102,422400,51002,0,51003,0,51004,1497600,51001,33,51003,0,51117,0,51005,30,
50300,81,50300,0,49492,0,51119,87,51127,188616,0,51130,330000,51132,0,51203,422400,51112,0,51116,0,51121,422400,51110,18,51113,0,51211,0,51126,46,
50430,81,50431,0,49589,0,51212,87,51217,195169,0,51219,330000,51220,0,51254,422400,51208,0,51210,0,51213,422400,51207,60,51209,0,51262,0,51216,50,
50510,81,50511,0,49709,0,51263,87,51270,181551,0,51273,330000,51275,0,51356,300000,51259,0,51261,0,51265,300000,51258,20,51260,0,51374,0,51270,25,
50516,81,50516,0,49794,0,51377,87,51384,176219,0,51385,330000,51386,0,51456,1190400,51369,0,51372,0,51379,300000,51365,40,51371,0,51459,0,51384,63,
50633,81,50634,0,49914,0,51460,87,51462,458001,152950,51463,330000,51464,0,51557,1497600,51458,0,51459,0,51460,1190400,51458,50,51459,0,51559,0,51462,25,
50704,81,50705,0,49997,0,51559,87,51561,864034,558983,51561,330000,51562,0,51658,1497600,51558,0,51559,0,51560,1497600,51558,55,51558,0,51661,0,51560,53,
50802,81,50803,0,50119,0,51661,87,51663,420353,115302,51663,330000,51664,0,51760,300000,51660,0,51660,0,51661,1497600,51659,11,51660,0,51773,0,51662,27,
50926,81,50927,0,50203,0,51774,87,51780,177970,0,51783,330000,51783,0,51860,1190400,51767,0,51769,0,51775,300000,51765,30,51768,0,51864,0,51780,18,
51006,81,51006,0,50300,0,51864,87,51866,394874,89823,51867,330000,51868,0,51962,729600,51863,0,51863,0,51865,1190400,51862,36,51863,0,51972,0,51866,22,
51127,81,51127,0,50432,0,51973,87,51976,254618,0,51977,330000,51978,0,52063,1190400,51967,0,51969,0,51974,729600,51966,36,51968,0,52067,0,51976,35,
51217,81,51217,0,50512,0,52067,87,52069,365167,60116,52070,330000,52070,0,52166,300000,52066,0,52066,0,52067,1190400,52065,50,52066,0,52178,0,52069,0,
51271,81,51271,0,50634,0,52179,87,52186,177397,0,52189,330000,52191,0,52268,300000,52174,0,52176,0,52180,300000,52171,20,52175,0,52289,0,52185,46,
51384,81,51385,0,50705,0,52291,87,52300,176983,0,52303,330000,52304,0,52367,883200,52283,0,52287,0,52293,300000,52280,33,52285,0,52371,0,52299,46,
51462,81,51462,0,50803,0,52371,87,52373,460866,155815,52375,330000,52376,0,52471,300000,52370,0,52370,0,52371,1190400,52369,54,52370,0,52490,0,52373,50,
51561,81,51561,0,50927,0,52492,87,52503,178034,0,52505,330000,52506,0,52569,1497600,52483,0,52487,0,52496,300000,52480,0,52485,0,52573,0,52503,46,
51663,81,51663,0,51006,0,52573,87,52576,699238,394187,52577,330000,52578,0,52672,300000,52571,0,52572,0,52573,1497600,52571,40,52572,0,52683,0,52575,42,
51781,81,51781,0,51127,0,52684,87,52690,177684,0,52693,330000,52695,0,52772,1190400,52679,0,52681,0,52685,300000,52677,30,52680,0,52775,0,52690,27,
51866,81,51866,0,51218,0,52775,87,52778,476568,171517,52779,330000,52779,0,52874,300000,52774,0,52775,0,52776,1190400,52773,58,52774,0,52884,0,52778,22,
51976,81,51976,0,51272,0,52885,87,52890,178543,0,52893,330000,52895,0,52973,1497600,52881,0,52883,0,52886,300000,52879,20,52882,0,52976,0,52890,10,
52069,81,52069,0,51385,0,52976,87,52979,623179,318128,52979,330000,52980,0,53076,300000,52975,0,52976,0,52977,1497600,52975,45,52976,0,53091,0,52978,25,
52186,81,52187,0,51463,0,53093,87,53102,182062,0,53106,330000,53109,0,53176,1190400,53085,0,53089,0,53095,422400,53083,0,53087,0,53180,0,53101,18,
52301,81,52302,0,51561,0,53181,87,53184,569403,264352,53185,330000,53186,0,53281,729600,53178,0,53180,0,53181,1190400,53178,50,53178,0,53289,0,53184,55,
52374,81,52374,0,51663,0,53290,87,53293,221819,0,53296,330000,53297,0,53381,1190400,53286,0,53288,0,53290,729600,53286,20,53287,0,53385,0,53293,20,
52504,81,52504,0,51782,0,53385,87,53387,402301,97250,53388,330000,53388,0,53484,300000,53384,0,53384,0,53386,1190400,53383,40,53384,0,53501,0,53387,20,
52576,81,52576,0,51867,0,53503,87,53523,178130,0,53524,330000,53525,0,53584,1190400,53493,0,53498,0,53505,300000,53491,10,53496,0,53587,0,53523,33,
52691,81,52691,0,51977,0,53587,87,53589,521129,216078,53590,330000,53590,0,53684,1497600,53586,0,53587,0,53588,1190400,53586,55,53586,0,53686,0,53589,37,
52778,81,52778,0,52069,0,53687,87,53688,502751,197700,53688,330000,53689,0,53784,1497600,53685,0,53686,0,53687,1497600,53685,18,53686,0,53788,0,53688,33,
52891,81,52891,0,52187,0,53789,87,53791,255557,0,53792,330000,53793,0,53885,1728000,53787,0,53788,0,53789,1497600,53786,0,53788,0,53888,0,53791,12,
52979,81,52979,0,52303,0,53888,87,53890,503458,198407,53891,330000,53892,0,53986,1728000,53887,0,53888,0,53889,1728000,53887,10,53888,0,53989,0,53890,27,
53103,81,53104,0,52375,0,53989,87,53991,529725,224674,53992,330000,53993,0,54086,1728000,53988,0,53989,0,53990,1728000,53987,20,53988,0,54089,0,53991,20,
53184,81,53185,0,52504,0,54089,87,54090,275810,0,54091,330000,54092,0,54187,1728000,54088,0,54089,0,54089,1728000,54088,11,54088,0,54189,0,54090,0,
53294,81,53294,0,52576,0,54190,87,54191,564748,259697,54192,330000,54192,0,54290,300000,54189,0,54189,0,54190,1728000,54188,33,54189,0,54299,0,54191,11,
53387,81,53387,0,52692,0,54300,87,54305,176952,0,54308,330000,54309,0,54389,1497600,54296,0,54298,0,54301,300000,54295,45,54297,0,54391,0,54305,35,
53523,81,53523,0,52778,0,54393,87,54399,318494,13443,54402,330000,54404,0,54491,300000,54391,0,54391,0,54394,300000,54390,22,54391,0,54504,0,54398,14,
53589,81,53589,0,52892,0,54506,87,54516,177334,0,54522,330000,54523,0,54591,1190400,54499,0,54502,0,54508,300000,54497,22,54500,0,54595,0,54515,46,
53688,81,53688,0,52979,0,54596,87,54598,502562,197511,54599,330000,54600,0,54692,652800,54594,0,54595,0,54596,1190400,54593,50,54594,0,54699,0,54598,37,
53791,81,53791,0,53104,0,54700,87,54705,212394,0,54707,330000,54708,0,54794,300000,54697,0,54698,0,54701,652800,54696,27,54698,0,54799,0,54704,16,
53890,81,53890,0,53185,0,54800,87,54804,203343,0,54807,330000,54809,0,54894,1190400,54797,0,54798,0,54800,652800,54796,44,54798,0,54897,0,54803,33,
53991,81,53991,0,53295,0,54898,87,54900,313141,8090,54901,330000,54901,0,54997,300000,54896,0,54897,0,54898,960000,54896,10,54897,0,55011,0,54900,44,
54090,81,54091,0,53387,0,55013,87,55023,177843,0,55024,330000,55024,0,55096,1497600,55005,0,55009,0,55015,300000,55003,10,55008,0,55098,0,55022,42,
54191,81,54191,0,53523,0,55099,87,55100,495235,190184,55100,330000,55101,0,55198,300000,55098,0,55098,0,55099,300000,55097,50,55098,0,55213,0,55100,37,
54306,81,54307,0,53590,0,55214,87,55224,178034,0,55225,330000,55226,0,55298,883200,55207,0,55212,0,55218,300000,55206,30,55208,0,55304,0,55223,16,
54399,81,54400,0,53688,0,55305,87,55308,351402,46351,55309,330000,55311,0,55401,300000,55302,0,55303,0,55306,883200,55301,55,55303,0,55415,0,55308,42,
54518,81,54519,0,53792,0,55416,87,55423,177779,0,55424,330000,55425,0,55501,1497600,55409,0,55413,0,55418,300000,55408,18,55411,0,55504,0,55423,36,
54598,81,54598,0,53891,0,55505,87,55506,445706,140655,55507,330000,55508,0,55606,300000,55503,0,55504,0,55505,1497600,55503,0,55504,0,55622,0,55506,42,
54705,81,54706,0,53991,0,55623,87,55626,264332,0,55627,330000,55628,0,55704,422400,55615,0,55619,0,55623,1190400,55613,18,55617,0,55709,0,55625,23,
54805,81,54805,0,54091,0,55710,87,55714,343226,38175,55717,330000,55718,0,55806,300000,55708,0,55709,0,55711,1497600,55707,37,55708,0,55819,0,55714,25,
54900,81,54900,0,54191,0,55820,87,55824,178002,0,55826,330000,55827,0,55905,1497600,55813,0,55817,0,55822,300000,55812,20,55816,0,55908,0,55824,27,
55023,81,55023,0,54307,0,55908,87,55910,749945,444894,55911,330000,55911,0,56008,300000,55907,0,55908,0,55909,1497600,55907,40,55908,0,56023,0,55910,50,
55100,81,55100,0,54401,0,56025,87,56033,178193,0,56035,330000,56036,0,56109,1497600,56017,0,56021,0,56027,300000,56015,11,56019,0,56112,0,56033,30,
55224,81,55224,0,54520,0,56112,87,56114,787974,482923,56114,330000,56115,0,56210,1497600,56111,0,56112,0,56112,1497600,56111,66,56111,0,56213,0,56114,30,
55308,81,55309,0,54599,0,56213,87,56215,971785,666734,56216,330000,56217,0,56311,1728000,56211,0,56212,1497600,56213,1497600,56211,53,56212,0,56322,23,56215,72,
55423,81,55424,0,54706,0,56322,87,56327,730151,425100,56329,330000,56330,0,56414,300000,56316,0,56318,1728000,56323,300000,56315,40,56317,0,56436,18,56327,30,
55507,81,55507,0,54806,0,56437,87,56447,245479,0,56451,330000,56453,0,56514,1190400,56425,0,56429,1190400,56439,300000,56422,18,56427,0,56520,37,56446,9,
55626,81,55626,0,54900,0,56520,87,56522,677091,372040,56523,330000,56524,0,56617,300000,56517,0,56518,1190400,56520,1190400,56517,72,56518,0,56635,33,56522,25,
55715,81,55715,0,55023,0,56636,87,56641,177174,0,56643,330000,56645,0,56716,1190400,56627,0,56630,300000,56637,300000,56625,30,56628,0,56724,0,56640,10,
55824,81,55825,0,55100,0,56724,87,56728,613964,308913,56730,330000,56731,0,56817,300000,56721,0,56723,0,56725,1190400,56720,72,56722,0,56829,0,56728,45,
55910,81,55910,0,55224,0,56830,87,56838,438317,133266,56843,330000,56845,0,56922,300000,56825,0,56828,0,56831,1497600,56824,33,56826,0,56932,0,56837,41,
56033,81,56034,0,55309,0,56933,87,56942,184065,0,56945,330000,56947,0,57019,1497600,56928,0,56930,0,56934,422400,56927,40,56929,0,57022,0,56941,41,
56114,81,56114,0,55424,0,57023,87,57025,623179,318128,57026,330000,57026,0,57121,1497600,57021,0,57021,0,57023,1497600,57020,37,57021,0,57126,0,57024,33,
56215,81,56215,0,55507,0,57127,87,57129,350632,45581,57130,330000,57131,0,57220,1497600,57125,0,57126,0,57127,1497600,57125,16,57126,0,57226,0,57129,11,
56327,81,56328,0,55626,0,57226,87,57228,269658,0,57229,330000,57229,0,57322,422400,57224,0,57225,0,57226,422400,57224,14,57225,0,57338,0,57228,10,
56447,81,56448,0,55715,0,57339,87,57345,189898,0,57346,330000,57347,0,57424,729600,57330,0,57334,0,57340,422400,57329,40,57332,0,57434,0,57345,33,
56521,81,56521,0,55825,0,57434,87,57437,245095,0,57439,330000,57440,0,57525,422400,57430,0,57432,0,57435,729600,57429,50,57431,0,57536,0,57437,12,
56522,81,56522,0,55910,0,57538,87,57545,181677,0,57547,330000,57549,0,57625,1497600,57531,0,57535,0,57539,300000,57530,22,57533,0,57628,0,57544,30,
56641,81,56641,0,56034,0,57628,87,57630,464721,159670,57631,330000,57631,0,57727,300000,57627,0,57627,0,57629,1497600,57627,33,57627,0,57744,0,57630,12,
56729,81,56729,0,56114,0,57747,87,57754,313179,8128,57756,330000,57757,0,57827,1190400,57739,0,57742,0,57748,1190400,57734,0,57741,0,57832,0,57753,36,
56839,81,56840,0,56215,0,57833,87,57835,301594,0,57836,330000,57837,0,57930,300000,57830,0,57832,0,57833,300000,57829,33,57831,0,57950,0,57835,14,
56942,81,56943,0,56328,0,57952,87,57961,177334,0,57966,330000,57969,0,58029,422400,57943,0,57948,0,57954,300000,57941,41,57945,0,58034,0,57960,27,
57025,81,57025,0,56449,0,58034,87,58038,445703,140652,58040,330000,58041,0,58131,422400,58032,0,58033,0,58035,1190400,58031,44,58032,0,58145,0,58037,70,
57129,81,57129,0,56522,0,58147,87,58155,197876,0,58161,330000,58164,0,58181,1190400,58141,0,58144,0,58149,422400,58136,72,58143,0,58184,0,58154,57,
57228,81,57228,0,56642,0,58184,87,58186,673378,368327,58187,330000,58188,0,58283,422400,58183,0,58184,0,58185,1190400,58183,100,58183,0,58294,0,58186,33,
57345,81,57345,0,56730,0,58295,87,58301,206723,0,58304,330000,58306,0,58383,1190400,58291,0,58293,0,58297,652800,58288,30,58292,0,58386,0,58300,30,
57438,81,57438,0,56841,0,58386,87,58388,578107,273056,58388,330000,58389,0,58486,300000,58385,0,58385,0,58386,1497600,58384,22,58385,0,58501,0,58388,50,
57545,81,57546,0,56944,0,58503,87,58512,183059,0,58517,330000,58519,0,58584,1190400,58495,0,58499,0,58505,422400,58493,0,58497,0,58589,0,58511,25,
57630,81,57630,0,57025,0,58590,87,58594,646229,341178,58596,330000,58597,0,58688,300000,58588,0,58589,0,58591,1497600,58587,54,58588,0,58700,0,58593,42,
57755,81,57755,0,57130,0,58701,87,58704,252619,0,58705,330000,58705,0,58786,729600,58696,0,58698,0,58702,1190400,58695,36,58697,0,58789,0,58704,20,
57835,81,57836,0,57228,0,58790,87,58791,246795,0,58792,330000,58793,0,58890,300000,58788,0,58789,0,58790,1190400,58788,25,58789,0,58902,0,58791,11,
57963,81,57963,0,57346,0,58904,87,58910,177843,0,58914,330000,58916,0,58988,652800,58898,0,58901,0,58905,300000,58896,27,58899,0,58991,0,58910,25,
58039,81,58039,0,57438,0,58991,87,58993,309232,4181,58994,330000,58994,0,59089,1267200,58990,0,58990,0,58992,1267200,58990,12,58990,0,59092,0,58993,28,
58156,81,58157,0,57546,0,59092,87,59095,222553,0,59096,330000,59097,0,59189,1267200,59091,0,59091,0,59093,1267200,59090,0,59091,0,59192,0,59095,10,
58186,81,58186,0,57630,0,59192,87,59194,541161,236110,59195,330000,59195,0,59289,300000,59191,0,59192,0,59193,1267200,59191,40,59191,0,59294,0,59194,44,
58301,81,58302,0,57755,0,59294,87,59296,1608628,1303577,59296,330000,59297,0,59390,2457600,59293,0,59293,0,59294,2265600,59292,36,59293,0,59392,0,59295,90,
58388,81,58388,0,57836,0,59393,87,59394,2756439,2451388,59394,330000,59395,0,59492,2457600,59392,0,59392,0,59393,2457600,59391,100,59392,0,59499,0,59394,36,
58513,81,58514,0,57964,0,59500,87,59507,2072875,1767824,59508,330000,59509,0,59591,2457600,59496,0,59498,0,59501,300000,59495,100,59497,0,59593,0,59506,45,
58595,81,58595,0,58039,0,59593,87,59594,2491166,2186115,59595,330000,59595,0,59692,2457600,59593,0,59593,0,59594,2457600,59592,100,59593,0,59696,0,59594,22,
58704,81,58704,0,58159,0,59696,87,59698,2259977,1954926,59698,330000,59699,0,59794,2457600,59695,0,59695,0,59696,1190400,59694,100,59695,0,59814,0,59697,50,
58792,81,58792,0,58187,0,59815,87,59817,2363245,2058194,59818,330000,59818,0,,,59802,0,59814,0,59815,1728000,59799,100,59812,0,,,59816,33,
58911,81,58912,0,58303,0,,,,,,,,,,,,,,,,,,,,,,,,,,
58993,81,58993,0,58388,0,,,,,,,,,,,,,,,,,,,,,,,,,,
59095,81,59095,0,58514,0,,,,,,,,,,,,,,,,,,,,,,,,,,
59194,81,59194,0,58595,0,,,,,,,,,,,,,,,,,,,,,,,,,,
59296,81,59296,0,58704,0,,,,,,,,,,,,,,,,,,,,,,,,,,
59394,81,59394,0,58792,0,,,,,,,,,,,,,,,,,,,,,,,,,,
59507,81,59507,0,58913,0,,,,,,,,,,,,,,,,,,,,,,,,,,
59595,81,59595,0,58993,0,,,,,,,,,,,,,,,,,,,,,,,,,,
59698,81,59698,0,59095,0,,,,,,,,,,,,,,,,,,,,,,,,,,
59817,81,59817,0,59194,0,,,,,,,,,,,,,,,,,,,,,,,,,,
,,,,59296,0,,,,,,,,,,,,,,,,,,,,,,,,,,
,,,,59394,0,,,,,,,,,,,,,,,,,,,,,,,,,,
,,,,59507,0,,,,,,,,,,,,,,,,,,,,,,,,,,
,,,,59595,0,,,,,,,,,,,,,,,,,,,,,,,,,,
,,,,59698,0,,,,,,,,,,,,,,,,,,,,,,,,,,
,,,,59817,0,,,,,,,,,,,,,,,,,,,,,,,,,,
,,,,,,,,,,,,,,,,,,,,,,,,,,,,,,,

System Statistics:
Sensor Id,Name,Type,Average
205,"Battery Remaining (%)",Battery Remaining [%],81.0
206,"Battery Status",Battery Status,0.0
208,"GPS State",GPS State,0.5383360522022839
331,"Screen Brightness",Brightness,87.0
332,"Battery Power*",Power [uW],155083.25293132328
400,"GPU Frequency",GPU Frequency [KHz],328911.2227805695
401,"GPU Load",GPU Load [%],0.26800670016750416
1000,"CPU1 Frequency",CPU Frequency [kHz],933222.1105527638
1001,"CPU2 Frequency",CPU Frequency [kHz],5109.547738693467
1002,"CPU3 Frequency",CPU Frequency [kHz],42661.306532663315
1003,"CPU4 Frequency",CPU Frequency [kHz],964695.4773869347
1096,"CPU1 Load",CPU Load [%],35.13735343383585
1097,"CPU2 Load",CPU Load [%],0.06532663316582915
1098,"CPU3 Load",CPU Load [%],0.6241610738255033
1099,"CPU4 Load",CPU Load [%],31.217755443886098


